"","WDIR","WSPD","Salinity","SST","Mean_Temp","Total_Rain","year","epiweek","Number of norovirus outbreaks"
"1","S",2.65,28.39,7.78,2.37,1,"2003",2,11
"2","S",2.76,28.6,7.64,4.1,1.56,"2003",3,7
"3","E",4.86,29.47,7.8,6.96,11.91,"2003",4,2
"4","S",5.64,29.4,7.79,7.46,3.4,"2003",5,6
"5","W",2.74,29.07,7.64,2.57,0.1,"2003",6,3
"6","S",2.75,28.51,7.35,3.81,0.51,"2003",7,12
"7","S",5.41,29.63,8.09,5.4,0.69,"2003",8,6
"8","W",2.64,29.11,7.98,2.4,0.69,"2003",9,4
"9","W",3.65,29.06,7.97,4.3,0.64,"2003",10,6
"10","S",9.04,29.79,8.1,7.01,6.09,"2003",12,0
"11","E",5.62,28.37,8.42,6.09,1.5,"2003",13,1
"12","S",5.45,28.94,8.54,5.74,2.54,"2003",14,3
"13","S",7.53,28.2,8.44,8.34,6.4,"2003",15,3
"14","S",6.13,27.34,9.23,7.63,2.44,"2003",16,1
"15","S",4.98,27.09,9.61,8.03,2.23,"2003",17,1
"16","W",3.28,28.04,11.24,9.77,0.93,"2003",18,1
"17","W",4.04,27.64,11.66,8.94,1.27,"2003",19,0
"18","W",4.21,28.13,12.44,9.13,1.27,"2003",20,0
"19","S",4.75,28.27,12.46,11.63,2.4,"2003",21,0
"20","S",4.02,28.64,12.89,13.5,0.16,"2003",22,1
"21","W",5.17,27.74,14.27,16.33,0.06,"2003",23,1
"22","W",3.95,27.87,14.98,15.03,0.11,"2003",25,0
"23","W",4.35,28.54,14.31,13.94,1.33,"2003",37,0
"24","W",5.47,28.56,14.28,12.49,0.83,"2003",38,0
"25","W",2.89,28.79,13.66,13.07,0,"2003",39,3
"26","S",2.05,28.31,14.22,13.31,0,"2003",40,1
"27","S",6.85,29.53,12.19,11.2,10.64,"2003",41,1
"28","S",4.23,28.39,11.39,11.21,4.2,"2003",43,1
"29","W",4.84,27.73,10.82,5.89,0.06,"2003",44,0
"30","W",3.18,28.21,9.02,1.11,0,"2003",45,0
"31","W",3.67,28.2,8.77,4.39,0.7,"2003",46,3
"32","S",5.35,28.83,8.87,3.26,5.71,"2003",47,3
"33","S",7.41,29.2,8.85,3.74,6.37,"2003",48,1
"34","S",4.76,27.91,8.61,3.11,4.17,"2003",50,1
"35","S",6.39,28.46,7.99,4.1,6.91,"2003",51,2
"36","S",7.39,29.06,8,3.41,2.76,"2003",52,2
"37","W",5.8,28.85,7.81,-0.68,0.75,"2003",53,4
"38","S",5.24,28.41,7.02,3.2,2.81,"2004",5,1
"39","S",2.26,28.39,6.82,3.27,1.57,"2004",6,6
"40","S",3.83,28,7.32,5.19,3.33,"2004",7,6
"41","S",3.03,26.21,7.42,6.07,2.77,"2004",8,8
"42","S",5.37,27.71,7.89,4.73,2.16,"2004",9,4
"43","W",4.96,28.6,8.08,6.57,0.57,"2004",10,3
"44","W",4.6,29,8.41,6.63,1.77,"2004",11,4
"45","S",5.62,27.99,8.43,7.1,4.07,"2004",12,6
"46","S",3.38,27.59,8.8,7.57,0.09,"2004",13,6
"47","W",3.52,28.19,10.22,8.06,0.06,"2004",14,1
"48","S",3.26,28.61,10.67,8.3,3.03,"2004",15,2
"49","S",5.59,28.33,10.62,9.17,3.7,"2004",16,4
"50","W",4.02,27.41,12.3,11.56,0.34,"2004",17,4
"51","S",3.33,28.6,12.65,11.41,0.71,"2004",18,3
"52","W",4.15,28.99,13.47,12.03,0.4,"2004",19,4
"53","W",4.54,28.36,14.68,13.79,0.06,"2004",20,2
"54","W",4.8,28.87,15.41,13.03,0.9,"2004",21,3
"55","W",3.58,28.53,17.43,19.51,0,"2004",32,0
"56","S",4.23,28.19,14.22,12.06,8.43,"2004",37,3
"57","W",3.29,28.46,13.68,11.94,0.09,"2004",38,1
"58","S",5.27,28.36,12.54,10.49,4.83,"2004",40,1
"59","W",4.07,27.11,12.13,12.97,2.21,"2004",41,2
"60","W",4.95,28.27,11.62,7.36,6.57,"2004",42,0
"61","S",6.33,28.31,10.49,7.23,5.01,"2004",43,0
"62","S",6.3,28.4,10.19,5.8,8.9,"2004",44,1
"63","S",3.34,28.14,10.41,7.87,1.8,"2004",45,3
"64","S",8.2,28.46,9.81,6.53,6.26,"2004",46,3
"65","S",4.08,28.07,9.37,6.1,1.99,"2004",47,8
"66","E",5.34,28.63,8.86,3.97,6.81,"2004",48,3
"67","S",6.83,28.5,8.96,4.41,8.53,"2004",49,5
"68","E",3.45,27.64,8.76,5.69,4.31,"2004",50,4
"69","W",4.42,28.1,8.05,4.94,1.29,"2004",51,9
"70","W",3.46,27.8,7.76,3.62,4.97,"2004",52,7
"71","W",4,28.79,6.76,-1.67,0.14,"2005",1,13
"72","W",5.19,29.07,6.53,-4.34,0,"2005",2,6
"73","S",6.27,27.81,7.51,4.96,20.79,"2005",3,15
"74","S",4.58,27.4,8.3,7.11,2.89,"2005",4,13
"75","S",7.07,27.73,8.03,6.94,3.04,"2005",5,9
"76","S",4.15,26.91,7.02,2.79,0.69,"2005",6,8
"77","W",3.87,26.66,6.86,1.67,0.46,"2005",7,7
"78","W",2.22,26.91,6.94,2.89,0,"2005",8,12
"79","S",5.47,28.16,8.07,6.4,1.31,"2005",9,14
"80","S",3.57,28.71,8.85,8.41,1.64,"2005",10,5
"81","S",4.48,28.13,8.96,6.3,6.4,"2005",11,8
"82","S",5.78,28.41,8.77,6.04,3.84,"2005",12,6
"83","S",7.26,28.7,8.89,6.63,3.53,"2005",13,6
"84","W",7.15,27.76,8.97,7.27,1.74,"2005",14,3
"85","S",8.51,28.36,9.23,6.21,4.1,"2005",15,2
"86","W",3.64,27.63,10.54,11.09,0.4,"2005",16,2
"87","W",3.53,28.06,12.78,12.27,2,"2005",18,0
"88","S",4.55,28.31,13.4,13.51,2.09,"2005",19,0
"89","S",7.29,28.56,12.48,11.89,6.41,"2005",20,0
"90","W",4.7,26.79,13.93,14.76,2.76,"2005",21,0
"91","W",4.43,26.81,14.62,14.84,1.33,"2005",22,1
"92","S",3.69,27.53,14.15,12.7,2.54,"2005",23,2
"93","S",4.74,25.97,14.25,13.7,1.97,"2005",24,1
"94","W",2.69,28.3,15.25,13.53,1.89,"2005",37,0
"95","W",4.64,28.59,14.46,10.56,0.31,"2005",38,1
"96","W",4.25,28.64,12.95,10.59,2.79,"2005",39,1
"97","S",4.66,29.34,11.14,9.7,1.44,"2005",40,1
"98","S",5.78,29.67,11.44,10.26,6.46,"2005",41,1
"99","S",3.55,29.1,11.33,10.37,3.79,"2005",42,0
"100","S",6.66,28.56,10.27,7.49,6.11,"2005",44,0
"101","S",7.28,28.31,9.82,5.96,4.29,"2005",45,2
"102","W",3.86,28.01,9.21,5.51,2.41,"2005",46,1
"103","W",3.75,27.86,8.87,5.26,1.03,"2005",47,2
"104","W",4.28,28.26,8.24,0.64,0.26,"2005",48,3
"105","S",2.62,28.49,7.35,2.61,0.17,"2005",49,1
"106","W",2.45,28.33,7.52,1.44,0,"2005",50,5
"107","S",6.75,28.43,7.65,7.34,15.4,"2005",51,4
"108","S",8.89,28.52,8.44,6.8,8.46,"2005",52,3
"109","S",8.35,27.86,8.4,5.9,10.6,"2006",1,4
"110","S",5.87,27.61,8.18,4.49,7.17,"2006",3,5
"111","S",6.83,28.17,8.29,5.27,4.14,"2006",4,8
"112","W",3.34,24.64,7.9,3.63,0.34,"2006",6,5
"113","W",5.56,27.39,7.48,1.99,0.63,"2006",7,2
"114","W",3.47,27.07,6.88,1.11,0.86,"2006",8,5
"115","S",5.72,27.5,7.21,4.41,4.79,"2006",9,7
"116","S",5.95,28.16,7.35,4.64,4.36,"2006",10,3
"117","S",6.77,27.97,7.56,4.21,1.41,"2006",11,10
"118","S",6.32,28.13,7.74,6.31,3.86,"2006",12,7
"119","S",4.32,28.09,8.11,6.74,2.64,"2006",13,8
"120","S",3.79,27.46,8.78,7.8,0.61,"2006",14,11
"121","S",4.97,28.41,9.15,8.24,3.63,"2006",15,6
"122","S",7.46,28.53,8.56,6.87,2.57,"2006",16,15
"123","W",4.16,28.26,9.47,9.79,0.49,"2006",17,15
"124","W",4.52,27.54,9.92,9.7,0.54,"2006",18,9
"125","W",4.59,28.31,10.44,9.4,0.03,"2006",19,11
"126","S",5.83,28.73,13.03,13.41,5.09,"2006",21,13
"127","S",5.1,28.57,12.35,13.84,1.4,"2006",22,3
"128","W",4.54,28.59,14.25,13.24,0.46,"2006",37,6
"129","W",3.06,29.36,14.31,13.6,0,"2006",39,1
"130","W",4.93,28.04,13.33,9.21,0.83,"2006",40,4
"131","W",2.48,28.74,12.67,8.93,1.04,"2006",41,3
"132","S",4.23,29,11.32,9.56,2.6,"2006",42,2
"133","S",5.06,29.33,10.61,8.53,2.66,"2006",43,5
"134","W",4.75,29.36,9.86,4.77,11.71,"2006",44,2
"135","S",5.09,29.4,9.3,7.77,9.66,"2006",45,6
"136","S",6.85,28.31,8.91,3.81,6.77,"2006",47,4
"137","E",3.94,28.39,7.55,2.49,1.16,"2006",49,8
"138","S",7.48,27.89,8.14,2.01,5.81,"2006",52,10
"139","S",5.29,28.1,6.5,1.49,2.77,"2007",3,8
"140","E",6.08,27.63,7.31,4.07,2.11,"2007",4,12
"141","S",1.61,26.74,6.94,-0.11,1.03,"2007",5,9
"142","S",2.86,27.87,6.82,6,3.41,"2007",6,9
"143","E",5.86,28.1,7.01,6.43,2.8,"2007",7,18
"144","E",6.61,28.91,7.72,5.17,1.94,"2007",8,11
"145","S",6.41,28.29,7.04,2.99,3.16,"2007",9,8
"146","E",7.6,28.66,7.24,7.8,7,"2007",10,14
"147","S",6.75,28.59,7.52,7.13,5.94,"2007",11,1
"148","E",7.52,28.64,7.62,8,3.1,"2007",12,6
"149","S",6.46,27.87,7.88,6.09,0.16,"2007",13,9
"150","W",3.4,27.97,8.13,6.71,0.69,"2007",14,4
"151","W",4.32,27.84,8.78,6.81,1.71,"2007",16,11
"152","W",5.35,27.34,9.59,8.96,2.89,"2007",18,4
"153","S",3.13,27.06,12.92,12.39,0.06,"2007",21,2
"154","S",3.15,25.59,14.36,14.64,0,"2007",22,5
"155","S",5.66,27.84,12.94,10.33,4.83,"2007",39,0
"156","S",4.69,28.84,10.39,10.03,2.84,"2007",41,2
"157","E",6.43,28.56,10.23,8.99,5.69,"2007",42,2
"158","S",6.58,28.5,10.3,8.6,1.33,"2007",43,0
"159","S",4.97,28.2,9.85,6.49,0.94,"2007",44,3
"160","S",5.26,28.1,9.69,8.47,5.69,"2007",45,1
"161","S",7.8,26.69,9.4,6.64,12.57,"2007",46,1
"162","S",4.37,28.03,8.25,0.94,1.77,"2007",48,2
"163","W",5.54,26.71,7.59,3.53,10.84,"2007",49,4
"164","S",4.79,27.61,7.56,2.9,2.46,"2007",50,10
"165","S",8.98,28.73,7.94,2.94,9.66,"2007",51,13
"166","E",10.92,28.76,7.09,4.58,13.82,"2008",1,11
"167","S",7.71,28.74,7.08,2.89,6.29,"2008",2,6
"168","S",5.62,28.4,7.05,2.73,3.86,"2008",3,9
"169","W",4.29,28.59,6.5,-0.19,0,"2008",4,13
"170","S",4.19,28.77,6.41,1.1,0.51,"2008",5,12
"171","S",6.04,28.67,6.4,3.37,3.6,"2008",6,15
"172","S",4.44,29.07,7.28,4.49,0.93,"2008",10,7
"173","S",4.97,27.73,7.39,6.21,4.17,"2008",11,5
"174","S",6.41,28.79,7.55,4.64,1.1,"2008",12,5
"175","S",6.17,29.69,7.34,4.33,1.96,"2008",13,6
"176","W",4.35,29.31,7.5,4.04,1.34,"2008",14,10
"177","S",4.9,29.43,7.57,6.64,2.91,"2008",15,6
"178","W",4.89,29.17,8.73,6.94,0.19,"2008",16,9
"179","S",3.7,29.1,8.71,5.46,0.04,"2008",17,6
"180","W",5.02,29.56,9.63,9.46,0.4,"2008",19,3
"181","S",3.76,28.83,10.68,12.5,1.01,"2008",20,1
"182","W",5.81,29.31,11.96,14.34,0.19,"2008",21,1
"183","S",2.93,28.84,13.24,14.27,0.36,"2008",22,1
"184","W",5.36,27.99,15.41,14.27,0,"2008",37,2
"185","W",2.69,27.43,14.88,13.87,0.39,"2008",38,0
"186","S",4.62,27.46,13.23,12.3,2.64,"2008",39,0
"187","W",5.2,28.63,11.04,7.49,1.47,"2008",41,1
"188","S",5.16,28.33,10.7,8,4.49,"2008",42,0
"189","W",4.69,28.63,10.39,7.39,1.04,"2008",43,1
"190","S",4.74,28.96,10.08,8.5,3.14,"2008",44,1
"191","S",6.72,28.91,9.66,8.27,9.73,"2008",45,3
"192","S",6.04,27.81,9.72,8.11,2.09,"2008",46,2
"193","S",4.59,28.53,9.67,5.86,2.8,"2008",47,3
"194","S",4.77,28.6,8.87,4.71,2.29,"2008",48,5
"195","S",6.1,29.99,8.18,7.87,1.27,"2009",15,7
"196","W",5.66,29.91,8.98,9.76,0.03,"2009",16,2
"197","W",3.73,29.84,10.02,8.66,0.46,"2009",17,3
"198","S",5.54,29.99,10.18,10.67,4.91,"2009",18,2
"199","S",3.62,29.3,10.98,9.3,3.14,"2009",19,2
"200","W",3.92,28.84,12.8,11.2,0.41,"2009",20,1
"201","W",4.02,29.09,13.35,14.01,0.31,"2009",21,3
"202","S",4.88,27.54,15.24,16.3,1,"2009",37,1
"203","W",3.6,27.77,14.99,13.3,0,"2009",38,0
"204","W",5.2,28.43,13.04,9.4,4.69,"2009",39,0
"205","W",3.94,28.87,12.13,9.47,0.01,"2009",40,1
"206","S",4.39,28.97,11.02,9.7,8.74,"2009",41,0
"207","S",4.61,29.01,10.73,10.36,1.84,"2009",42,0
"208","S",6.96,29.4,9.96,8.26,8.49,"2009",43,0
"209","S",5.9,29.37,9.55,7.43,7.47,"2009",44,0
"210","S",7.65,29.57,9.35,5.13,6.97,"2009",45,0
"211","S",7.32,28.37,8.93,6.84,4.3,"2009",47,0
"212","S",6.2,27.74,7.65,5.84,6.56,"2010",6,7
"213","S",3.26,27.13,7.72,5.3,1.46,"2010",7,5
"214","S",4.24,27.34,8.22,5.73,5.81,"2010",8,4
"215","S",6.25,27.9,7.82,5.96,5.3,"2010",14,2
"216","W",3.59,27.66,9.34,8.84,0.29,"2010",15,5
"217","S",5.71,27.36,9.87,9.24,3.01,"2010",16,6
"218","S",4.26,28,9.87,9.66,1.94,"2010",17,1
"219","W",4.78,26.84,9.86,7.99,1.53,"2010",18,6
"220","W",3.79,27.84,12.03,11.01,0,"2010",19,4
"221","S",5.79,29.17,7.04,3.93,5.83,"2011",6,5
"222","S",7.17,28.81,6.9,3.16,6.8,"2011",7,5
"223","W",4.89,28.57,6.34,-0.96,0.2,"2011",8,3
"224","S",8.36,29.34,6.5,2.4,7.49,"2011",9,5
"225","S",7.32,29.33,6.91,5.14,10.7,"2011",10,5
"226","S",8.13,29.73,7,6.31,11.5,"2011",11,5
"227","W",3.79,29.43,7.49,5.91,1.29,"2011",12,5
"228","W",6.07,29.14,7.92,6.14,1.97,"2011",14,4
"229","S",7.19,29.73,7.78,6.51,2.57,"2011",15,2
"230","W",4.71,29.41,8.2,5.34,1.8,"2011",16,3
"231","S",4.48,29.71,9.95,9.84,2.17,"2011",18,3
"232","S",5.65,29.74,9.96,10.56,3.79,"2011",19,4
"233","W",3.37,29.6,11.06,10.94,1.57,"2011",20,4
"234","S",3.89,28.8,12.39,11.23,1.83,"2011",21,2
"235","S",3.26,28.46,14.01,13.03,0.8,"2011",22,0
"236","S",3.89,24.51,15.98,16,6.59,"2011",28,0
"237","W",3.9,24.29,15.6,16.54,0.76,"2011",29,0
"238","W",3.65,24.23,17.28,17.21,0,"2011",30,3
"239","W",3.84,24.4,18.28,17.36,0,"2011",31,2
"240","W",3.78,24.2,17.38,16.27,0,"2011",32,0
"241","W",3.58,24.64,17.86,15.6,0,"2011",33,1
"242","W",4.42,24.51,16.78,18.16,1,"2011",34,1
"243","W",4.09,24.89,16.35,15.23,0,"2011",35,0
"244","W",3.36,26.37,16.59,17.34,0,"2011",36,0
"245","W",3.41,25.87,15.97,14.84,1.54,"2011",37,0
"246","S",6.3,27.59,13.65,15.49,5.8,"2011",38,1
"247","S",5.34,28.77,11.55,10.71,2.04,"2011",40,0
"248","S",5.1,28.5,11.89,9.3,2.3,"2011",41,0
"249","W",3.58,28.19,11.27,8.8,1.89,"2011",42,0
"250","W",4.03,28.83,10.17,5.99,1.91,"2011",43,0
"251","W",5.89,29.67,9.53,5.01,0.34,"2011",44,0
"252","S",6.47,29.44,9.04,6.34,3.56,"2011",45,2
"253","W",5.48,29.57,8.86,2.07,2.66,"2011",46,1
"254","S",9.24,29.5,8.35,4.23,17.14,"2011",47,2
"255","S",5.91,29.1,8.19,4.43,2.93,"2011",48,1
"256","S",6.05,29.63,7.81,3.51,1.84,"2011",51,1
"257","S",5.1,28.73,7.37,5.07,3.83,"2012",14,4
"258","W",3.47,28.04,8.84,7.83,0.94,"2012",15,7
"259","S",5.49,29.66,8.83,8.21,2.57,"2012",16,5
"260","S",4.57,29.3,9.13,10.17,3.74,"2012",17,1
"261","S",3.64,29.47,9.6,9.27,4.66,"2012",18,2
"262","W",3.95,29.2,11.25,9.96,0,"2012",19,1
"263","N",5.98,27.5,11.83,11.23,0,"2012",20,0
"264","S",4.47,28.64,11.75,12.24,1.87,"2012",21,2
"265","S",5.04,28.59,12.43,11.24,0.69,"2012",23,0
"266","S",4.8,28.19,13.17,13.5,0.83,"2012",24,1
"267","S",3.21,27.2,14.12,14.44,4.06,"2012",25,2
"268","S",4.45,26.74,14.6,14.84,2.16,"2012",26,1
"269","W",3.58,25.73,15.44,14.99,2.07,"2012",27,0
"270","W",4.59,22.33,18.88,19.63,0,"2012",28,0
"271","S",4.91,22.84,18.04,18.57,0.56,"2012",29,0
"272","W",3.81,23.37,17.32,17.01,0.2,"2012",30,1
"273","W",3.82,23.26,17.91,17.66,0,"2012",31,0
"274","W",4.51,23.33,17.59,18.8,0,"2012",32,0
"275","W",3.94,23.57,17.32,19.53,0,"2012",33,0
"276","W",3.59,25.2,16.71,16.01,0,"2012",34,0
"277","W",4.42,26.53,15.95,14.59,1.07,"2012",35,1
"278","W",4.37,26.43,14.31,12.31,0.41,"2012",37,1
"279","W",2.73,27.34,15.05,14.63,0,"2012",38,0
"280","W",2.87,28.1,14.2,11.93,0.2,"2012",39,0
"281","W",3.84,28.31,12.95,10.2,0,"2012",40,0
"282","S",3.29,28.77,12.33,10.33,6.59,"2012",41,3
"283","S",5.96,29.59,9.94,9.54,6.77,"2012",42,1
"284","S",4.87,29.49,9.78,6.64,3.06,"2012",43,2
"285","S",4.14,28.64,10.23,10.14,9.97,"2012",44,3
"286","W",5.04,28.64,9.51,6.41,1.71,"2012",45,4
"287","S",5.42,29.13,9.15,5.26,3.63,"2012",46,5
"288","S",8.43,29.34,8.97,5.46,7.01,"2012",47,5
"289","S",5.86,28.37,8.72,5.01,8.51,"2012",48,2
"290","S",5.71,29.21,8.59,4.61,6.71,"2012",49,5
"291","S",6.56,28.96,8.03,2.96,2.59,"2012",50,6
"292","S",6.51,29.19,7.73,2.43,7.59,"2012",51,4
"293","S",5.17,28.79,7.33,3.26,2.94,"2012",52,10
"294","S",3.6,29.32,7.63,3.41,1.29,"2013",1,13
"295","S",5.84,29.19,7.28,2.67,5.63,"2013",2,10
"296","S",2.35,29.1,6.54,2.47,0.31,"2013",3,9
"297","S",3.77,28.99,6.12,2.44,2.33,"2013",4,7
"298","S",2.62,29.26,6.56,4.56,0.33,"2013",5,3
"299","E",6.37,29.59,6.99,5.21,3.24,"2013",6,7
"300","S",2.98,29.6,7.28,5.89,0.9,"2013",7,4
"301","S",5.79,29.61,7.61,4.31,2.53,"2013",8,4
"302","S",8.15,29.61,7.67,5.54,7.03,"2013",9,7
"303","W",3.64,29.1,7.63,4.63,0.83,"2013",10,7
"304","S",6.25,29.21,7.75,7.64,5.79,"2013",11,1
"305","S",5.78,29.17,7.33,4.33,3.8,"2013",12,3
"306","W",2.87,29.26,8.32,7.91,0.01,"2013",13,4
"307","S",7.03,29.31,8.83,6.87,2.63,"2013",15,0
"308","W",4.38,28.71,9.38,7.61,2.09,"2013",16,2
"309","W",4.28,29.26,10.42,9.9,0.93,"2013",17,0
"310","W",4.85,29.34,10.63,9.1,0.71,"2013",18,3
"311","S",2.78,28.76,13.09,14.94,0.36,"2013",19,0
"312","S",5.11,29.51,12.29,12.74,2.66,"2013",20,0
"313","S",4.09,27.67,13.05,11.36,4.57,"2013",21,0
"314","S",5.47,28.37,13,11.47,4.1,"2013",22,0
"315","W",4.43,24.01,14.44,14.9,0.06,"2013",23,2
"316","S",3.91,24.71,14.79,13.01,1.34,"2013",24,0
"317","S",3.65,24.67,16.05,16.34,1.89,"2013",25,0
"318","S",4.43,24.64,15.87,16.4,4.2,"2013",26,1
"319","W",4.62,20.86,17.1,18.56,0,"2013",27,1
"320","W",4.41,23.43,16.65,16.56,0,"2013",28,2
"321","W",4.09,25.43,17.1,18.19,0,"2013",29,0
"322","W",5.5,25.97,17.47,17.6,0,"2013",30,1
"323","S",2.99,26.64,17.53,19.1,0,"2013",31,0
"324","W",3.87,25.93,19.08,18.93,0,"2013",32,1
"325","S",3.91,26.04,18.14,17.93,1.84,"2013",33,1
"326","S",3.63,27.23,15.78,16.61,3.81,"2013",35,0
"327","W",2.86,26.56,16.82,16.79,1.11,"2013",36,0
"328","W",2.38,26.91,17.7,17.24,0,"2013",37,0
"329","W",3.52,28.03,16.23,14.47,4.19,"2013",38,1
"330","S",6.17,28.2,13.81,11.53,7.21,"2013",39,0
"331","W",4.61,27.34,11.86,10.17,1.89,"2013",41,0
"332","W",2.41,27.16,11.64,6.84,0.04,"2013",42,0
"333","W",1.85,27.47,11.12,7.44,0.49,"2013",43,0
"334","W",5.09,27.83,10.65,7.34,6.44,"2013",44,1
"335","S",4.9,27.99,9.7,5.99,3.49,"2013",45,5
"336","S",4.9,28.33,9.33,7.4,1.76,"2013",46,2
"337","W",3.68,28.33,8.93,2.33,1.23,"2013",47,3
"338","S",4.76,29.91,7.34,0.07,1.11,"2013",50,9
"339","S",5.6,29.94,7.79,2.2,0.54,"2013",51,6
"340","S",4.63,29.56,7.94,4,1.36,"2013",52,12
"341","S",6,28.77,8.02,3.35,2.4,"2014",1,14
"342","S",5.84,29.19,7.8,4.09,11.24,"2014",2,13
"343","S",2.69,28.13,7.47,5.71,0,"2014",3,8
"344","S",1.58,28.81,7.43,3.56,0,"2014",4,5
"345","S",2.77,28.8,7.44,2.69,1.97,"2014",5,10
"346","S",4.18,29.33,7.03,-2.23,0,"2014",6,4
"347","S",6.32,29.49,7.03,3.47,8.7,"2014",7,6
"348","S",5.91,29.19,7.56,2.83,6.61,"2014",8,7
"349","S",4.66,28.03,6.96,4.7,9.51,"2014",10,10
"350","S",4.23,27.46,7.62,6,4.76,"2014",11,6
"351","S",5.75,29,7.44,4.57,2.33,"2014",12,2
"352","S",4.52,29.2,7.92,6.96,5.41,"2014",13,13
"353","S",5.21,28.71,8.22,6.67,2.56,"2014",14,4
"354","S",3.65,28.39,8.99,8.84,0.27,"2014",15,7
"355","S",5.56,28.67,9.49,8.86,4.09,"2014",16,4
"356","S",3.87,28.44,11.99,11.3,1.19,"2014",19,3
"357","S",3.41,28.46,14.1,14.03,0,"2014",20,4
"358","S",3.58,28.69,15.64,14.81,0.8,"2014",21,1
"359","S",2.78,28.57,15.73,15.81,0.77,"2014",38,1
"360","S",4.88,29.21,14.95,14.96,3.94,"2014",39,1
"361","S",2.82,29.11,14.59,12.46,0.46,"2014",40,0
"362","S",7.16,29.71,12.99,11.34,6.69,"2014",42,0
"363","S",5.85,29.37,12.45,10.86,18.3,"2014",43,1
"364","S",5.62,27.76,12.34,9,3.83,"2014",44,0
"365","S",5.46,27.06,11.3,9.19,4.06,"2014",45,0
"366","S",3.92,27.24,10.25,2.54,0,"2014",46,0
"367","W",3.81,27.24,9.41,3.09,6.4,"2014",47,0
"368","S",6.79,28.8,9.84,5.87,8.69,"2014",48,0
"369","E",6,28.06,8.37,8.04,12.56,"2015",5,2
"370","S",4.4,26.89,8.67,8.7,7.89,"2015",6,2
"371","W",2.77,26.87,8.41,4.61,0.14,"2015",7,4
"372","W",3.21,27.27,8.44,5.06,3.4,"2015",8,3
"373","W",2.53,27.53,8.36,4.23,0.4,"2015",9,3
"374","S",4.6,27.51,8.94,7.27,3.03,"2015",10,5
"375","S",4.74,28.29,8.94,7.5,5.67,"2015",11,3
"376","S",5.72,28.76,9.08,8.63,4.09,"2015",12,1
"377","E",6.17,26.64,9.15,7.89,5.31,"2015",13,1
"378","S",4.18,27.76,9.87,7.03,0.61,"2015",14,2
"379","W",5.29,28.17,10.14,7.49,1.16,"2015",15,1
"380","W",4.89,27.1,10.85,8.39,1.73,"2015",16,6
"381","S",5.72,28.06,10.65,10.63,0.57,"2015",17,2
"382","S",3.54,27.57,12.28,10.4,0.23,"2015",18,8
"383","W",3.35,27.17,13.72,13.06,1.11,"2015",19,2
"384","E",5.3,28.4,13.59,12.5,2.63,"2015",37,2
"385","S",5.6,28.89,13.08,11.97,7.37,"2015",38,0
"386","W",3.61,29.09,13.3,10.6,0,"2015",39,0
"387","S",4.85,29.36,12.82,12.39,3.97,"2015",40,1
"388","W",3.04,29.23,12.18,9.84,2.54,"2015",41,0
"389","W",2.73,29.07,12.22,9.17,0.89,"2015",42,0
"390","S",3.99,28.79,11.78,10.63,6.37,"2015",43,1
"391","S",3.93,27.8,8.13,5.84,6.13,"2016",6,4
"392","S",5.68,28.61,8.24,6.6,5.2,"2016",7,4
"393","S",2.58,26.86,7.8,4.91,1.8,"2016",8,3
"394","S",8.11,27.79,8.37,8.24,11.86,"2016",9,5
"395","S",7.93,27.93,8.3,6.84,11.03,"2016",10,2
"396","S",4.48,26.86,8.43,7.99,2.57,"2016",12,0
"397","S",3.52,27.53,9.68,9.49,0.31,"2016",13,1
"398","S",4.19,27.43,10.66,10.46,0.46,"2016",14,1
"399","S",6.27,27.96,10.44,9.39,2.03,"2016",15,1
"400","W",2.85,27.6,11.61,13.31,1.11,"2016",16,1
"401","W",4.21,28.01,15.51,14.07,1.11,"2016",37,0
"402","W",3.93,28.71,14.06,12.93,3.94,"2016",38,1
"403","W",4.24,28.64,13.4,10.79,2.49,"2016",39,0
"404","S",4.89,29.29,12.49,11.83,13.06,"2016",40,2
"405","E",6.36,29.33,11.12,9.99,4.96,"2016",42,1
"406","E",8.37,27.26,10.7,9.84,10.89,"2016",44,1
"407","E",6.9,25.81,10.72,11.77,6.4,"2016",45,0
"408","S",5.43,27.56,7.24,4.1,6.89,"2017",7,4
"409","W",4.66,28.41,7.23,2.41,2,"2017",10,2
"410","S",6.98,29.01,7.76,6.94,4.49,"2017",11,2
"411","S",6,28.6,7.36,5.84,4.37,"2017",12,2
"412","E",7.24,29.17,7.79,7.3,4.94,"2017",13,0
"413","S",6.47,28.33,8.58,7.3,6.06,"2017",14,0
"414","S",5.76,28.3,8.24,6.94,4.49,"2017",15,0
"415","S",4.16,28.03,9.39,8.6,3.96,"2017",16,1
"416","S",5.3,28.67,10.46,8.99,0.94,"2017",17,3
"417","S",3.84,27.76,11.07,10.71,1.54,"2017",18,0
"418","S",3.65,27.29,11.74,9.81,1.49,"2017",19,1
"419","S",3.81,28.21,12.25,10.99,0.71,"2017",20,2
"420","W",4.36,23.73,13.49,14.44,0,"2017",21,3
"421","W",4.51,28.5,15.18,14.13,0,"2017",37,0
"422","W",3.37,28.63,14.33,11.49,3.09,"2017",38,1
"423","S",2.21,28.9,14.32,13.76,1.97,"2017",39,0
"424","W",4.28,28.81,11.92,7.96,3.77,"2017",41,0
"425","S",7.31,29.3,10.59,9.5,15.69,"2017",42,1
"426","S",3.36,29.27,10.45,8.8,0.14,"2017",43,1
"427","W",4.16,28.8,10.5,4.2,2.43,"2017",44,0
"428","S",4.47,28.66,9.22,3.89,0.6,"2017",45,1
"429","S",7.73,29.41,9.09,5.64,16.4,"2017",46,1
"430","S",7.08,29.07,8.93,8.1,16.66,"2017",47,2
"431","S",5,28.84,7.45,3.03,1.29,"2018",9,3
"432","W",2.19,28.54,7.19,3.17,2.81,"2018",10,4
"433","W",3.33,28.57,7.45,4.89,0.77,"2018",11,4
"434","S",4.16,28.86,7.76,5.16,1.29,"2018",12,7
"435","S",5.07,29.09,7.94,6.63,1.2,"2018",13,5
"436","S",5.72,28.91,7.87,6.69,4.46,"2018",14,6
"437","E",6.52,29.2,8.14,8.2,6.71,"2018",15,2
"438","S",3.88,29.03,9.01,8.39,1.43,"2018",16,3
"439","W",3.09,28.67,10.48,10.09,1.8,"2018",17,0
"440","W",3.31,28.53,11.24,10.74,0.54,"2018",18,0
"441","S",4.35,28.16,12.72,14.27,1.26,"2018",19,1
"442","S",3.08,27.83,14.76,15.46,0,"2018",20,2
"443","W",3.14,26.13,15.6,14.77,0,"2018",21,1
"444","W",3.9,28.67,13.17,11.27,9.03,"2018",38,0
"445","W",3.26,27.83,13.5,12.26,0.71,"2018",39,0
"446","W",4.09,28.27,12.71,8.56,4.76,"2018",40,0
"447","W",3.57,28.34,11.98,9.94,1.69,"2018",41,0
"448","W",1.76,28.3,11.94,7.41,0,"2018",42,0
"449","W",3.03,28.6,10.35,6.8,0.31,"2018",45,1
"450","S",2.73,27.83,7.72,3.91,2.51,"2019",5,11
"451","W",5.78,28.24,7.11,-2.37,0,"2019",6,0
"452","W",3.87,27.9,6.84,-2.59,0,"2019",7,5
"453","W",5.14,27.97,6.54,1.03,0.74,"2019",8,3
