"","year","epiweek","WDIR","GSPD","Salinity","SST","Total_Rain","Mean_Temp","Number of norovirus outbreaks"
"1","2003",1,"E",13.37,29.38,8.11,19.98,8.1,5
"2","2003",2,"S",3.49,28.39,7.78,1,2.37,11
"3","2003",3,"S",3.46,28.6,7.64,1.56,4.1,7
"4","2003",4,"E",6,29.47,7.8,11.91,6.96,2
"5","2003",5,"S",6.99,29.4,7.79,3.4,7.46,6
"6","2003",6,"W",3.73,29.07,7.64,0.1,2.57,3
"7","2003",7,"S",3.62,28.51,7.35,0.51,3.81,12
"8","2003",8,"S",6.64,29.63,8.09,0.69,5.4,6
"9","2003",9,"W",3.45,29.11,7.98,0.69,2.4,4
"10","2003",10,"W",4.74,29.06,7.97,0.64,4.3,6
"11","2003",11,"S",9.18,29.41,7.89,18.03,7.5,7
"12","2003",12,"S",11.08,29.79,8.1,6.09,7.01,0
"13","2003",13,"E",6.86,28.37,8.42,1.5,6.09,1
"14","2003",14,"S",6.86,28.94,8.54,2.54,5.74,3
"15","2003",15,"S",9.26,28.2,8.44,6.4,8.34,3
"16","2003",16,"S",7.42,27.34,9.23,2.44,7.63,1
"17","2003",17,"S",5.98,27.09,9.61,2.23,8.03,1
"18","2003",18,"W",3.96,28.04,11.24,0.93,9.77,1
"19","2003",19,"W",4.92,27.64,11.66,1.27,8.94,0
"20","2003",20,"W",5.31,28.13,12.44,1.27,9.13,0
"21","2003",21,"S",5.72,28.27,12.46,2.4,11.63,0
"22","2003",22,"S",4.98,28.64,12.89,0.16,13.5,1
"23","2003",23,"W",6.12,27.74,14.27,0.06,16.33,1
"24","2003",24,"S",7.16,27.66,13.88,0.19,14.2,1
"25","2003",25,"W",4.81,27.87,14.98,0.11,15.03,0
"26","2003",26,"W",4.63,26.51,16.01,0,17.06,1
"27","2003",27,"W",4.33,27.71,16.4,1.51,15.7,0
"28","2003",28,"W",4.43,27.96,16.97,0,16.79,0
"29","2003",29,"S",5.92,28.1,17.17,0.43,17.17,0
"30","2003",30,"W",5.88,26.3,17.17,0,17.44,1
"31","2003",31,"W",5.8,26.89,17.21,0,17.43,0
"32","2003",32,"W",4.27,27.94,17.19,0.09,17.31,0
"33","2003",33,"W",4.73,28.09,18.02,0.6,17.77,0
"34","2003",34,"W",5.15,27.87,17.21,0,16.67,0
"35","2003",35,"W",3.7,28.2,16.65,0.11,15.49,2
"36","2003",36,"N",5.88,27.89,15.54,2.03,16.51,1
"37","2003",37,"W",5.32,28.54,14.31,1.33,13.94,0
"38","2003",38,"W",6.68,28.56,14.28,0.83,12.49,0
"39","2003",39,"W",3.5,28.79,13.66,0,13.07,3
"40","2003",40,"S",2.56,28.31,14.22,0,13.31,1
"41","2003",41,"S",8.46,29.53,12.19,10.64,11.2,1
"42","2003",42,"S",9.85,29.63,11.06,22.86,9.7,1
"43","2003",43,"S",5.32,28.39,11.39,4.2,11.21,1
"44","2003",44,"W",6.01,27.73,10.82,0.06,5.89,0
"45","2003",45,"W",4.01,28.21,9.02,0,1.11,0
"46","2003",46,"W",4.55,28.2,8.77,0.7,4.39,3
"47","2003",47,"S",6.83,28.83,8.87,5.71,3.26,3
"48","2003",48,"S",9.29,29.2,8.85,6.37,3.74,1
"49","2003",49,"S",8.54,29,8.5,8.94,3.39,2
"50","2003",50,"S",5.95,27.91,8.61,4.17,3.11,1
"51","2003",51,"S",8.02,28.46,7.99,6.91,4.1,2
"52","2003",52,"S",9.17,29.06,8,2.76,3.41,2
"53","2003",53,"W",7.5,28.85,7.81,0.75,-0.68,4
"54","2004",1,"S",7.31,28.97,7.33,3.49,0.43,2
"55","2004",2,"S",6.72,26.34,7.75,5.79,6.57,3
"56","2004",3,"S",8.51,28.66,7.22,3.69,5.39,4
"57","2004",4,"S",6.82,28.41,7.18,4.89,2.99,2
"58","2004",5,"S",6.53,28.41,7.02,2.81,3.2,1
"59","2004",6,"S",2.97,28.39,6.82,1.57,3.27,6
"60","2004",7,"S",4.85,28,7.32,3.33,5.19,6
"61","2004",8,"S",3.85,26.21,7.42,2.77,6.07,8
"62","2004",9,"S",6.52,27.71,7.89,2.16,4.73,4
"63","2004",10,"W",6.11,28.6,8.08,0.57,6.57,3
"64","2004",11,"W",5.74,29,8.41,1.77,6.63,4
"65","2004",12,"S",6.95,27.99,8.43,4.07,7.1,6
"66","2004",13,"S",4.18,27.59,8.8,0.09,7.57,6
"67","2004",14,"W",4.21,28.19,10.22,0.06,8.06,1
"68","2004",15,"S",4.02,28.61,10.67,3.03,8.3,2
"69","2004",16,"S",6.84,28.33,10.62,3.7,9.17,4
"70","2004",17,"W",4.85,27.41,12.3,0.34,11.56,4
"71","2004",18,"S",4.08,28.6,12.65,0.71,11.41,3
"72","2004",19,"W",4.99,28.99,13.47,0.4,12.03,4
"73","2004",20,"W",5.44,28.36,14.68,0.06,13.79,2
"74","2004",21,"W",5.88,28.87,15.41,0.9,13.03,3
"75","2004",22,"S",5.82,28.54,15.05,0.54,13.96,3
"76","2004",23,"W",6.95,27.63,14.67,1.41,15.2,3
"77","2004",24,"W",5.23,26.89,15.65,0,16.34,2
"78","2004",25,"S",4.03,26.97,17.79,0,18.59,1
"79","2004",26,"W",5.66,27.03,17.42,0,17.46,3
"80","2004",27,"W",5.49,27.81,16.93,1.39,16.8,2
"81","2004",28,"W",4,27.8,17.04,0,18.01,2
"82","2004",29,"W",6.37,27.91,17.42,0.21,19.61,1
"83","2004",30,"N",8.62,27.37,15.89,0,17.8,1
"84","2004",31,"S",4.18,28.07,16.01,4.04,16.71,2
"85","2004",32,"W",4.24,28.53,17.43,0,19.51,0
"86","2004",33,"S",4.16,28.36,18.51,2.03,19.2,0
"87","2004",34,"S",4.56,27.39,16.77,1.96,16.83,0
"88","2004",35,"W",5.93,27.91,15.53,0.69,15.56,1
"89","2004",36,"W",5.48,27.5,15.82,4.29,14.41,1
"90","2004",37,"S",5.27,28.19,14.22,8.43,12.06,3
"91","2004",38,"W",4.06,28.46,13.68,0.09,11.94,1
"92","2004",39,"W",5.51,28.49,14.06,0,11.77,1
"93","2004",40,"S",6.5,28.36,12.54,4.83,10.49,1
"94","2004",41,"W",4.97,27.11,12.13,2.21,12.97,2
"95","2004",42,"W",6.04,28.27,11.62,6.57,7.36,0
"96","2004",43,"S",7.76,28.31,10.49,5.01,7.23,0
"97","2004",44,"S",7.82,28.4,10.19,8.9,5.8,1
"98","2004",45,"S",4.31,28.14,10.41,1.8,7.87,3
"99","2004",46,"S",10.22,28.46,9.81,6.26,6.53,3
"100","2004",47,"S",5.02,28.07,9.37,1.99,6.1,8
"101","2004",48,"E",6.64,28.63,8.86,6.81,3.97,3
"102","2004",49,"S",8.4,28.5,8.96,8.53,4.41,5
"103","2004",50,"E",4.36,27.64,8.76,4.31,5.69,4
"104","2004",51,"W",5.47,28.1,8.05,1.29,4.94,9
"105","2004",52,"W",4.35,27.8,7.76,4.97,3.62,7
"106","2004",53,"S",6.54,28.87,7.53,0,-1.67,NA
"107","2005",1,"W",5.3,28.79,6.76,0.14,-1.67,13
"108","2005",2,"W",6.71,29.07,6.53,0,-4.34,6
"109","2005",3,"S",7.71,27.81,7.51,20.79,4.96,15
"110","2005",4,"S",5.69,27.4,8.3,2.89,7.11,13
"111","2005",5,"S",8.74,27.73,8.03,3.04,6.94,9
"112","2005",6,"S",5.23,26.91,7.02,0.69,2.79,8
"113","2005",7,"W",4.78,26.66,6.86,0.46,1.67,7
"114","2005",8,"W",2.76,26.91,6.94,0,2.89,12
"115","2005",9,"S",6.77,28.16,8.07,1.31,6.4,14
"116","2005",10,"S",4.44,28.71,8.85,1.64,8.41,5
"117","2005",11,"S",5.48,28.13,8.96,6.4,6.3,8
"118","2005",12,"S",7.13,28.41,8.77,3.84,6.04,6
"119","2005",13,"S",9.04,28.7,8.89,3.53,6.63,6
"120","2005",14,"W",8.86,27.76,8.97,1.74,7.27,3
"121","2005",15,"S",10.7,28.36,9.23,4.1,6.21,2
"122","2005",16,"W",4.43,27.63,10.54,0.4,11.09,2
"123","2005",17,"S",3.97,25.46,13,0.29,13.3,3
"124","2005",18,"W",4.21,28.06,12.78,2,12.27,0
"125","2005",19,"S",5.47,28.31,13.4,2.09,13.51,0
"126","2005",20,"S",8.86,28.56,12.48,6.41,11.89,0
"127","2005",21,"W",5.7,26.79,13.93,2.76,14.76,0
"128","2005",22,"W",5.41,26.81,14.62,1.33,14.84,1
"129","2005",23,"S",4.55,27.53,14.15,2.54,12.7,2
"130","2005",24,"S",5.76,25.97,14.25,1.97,13.7,1
"131","2005",25,"W",4.41,26.4,16.22,1.23,15.76,0
"132","2005",26,"S",5.23,27.53,16.6,1.34,16.64,0
"133","2005",27,"S",7.62,28.09,15.76,2.37,15.6,1
"134","2005",28,"W",5.34,27.06,17.14,1.4,16.34,0
"135","2005",29,"W",5.89,25.4,16.53,0,16.37,0
"136","2005",30,"W",5.33,26.33,16.46,0,19.07,0
"137","2005",31,"W",6.01,27.17,17.1,0,17.44,1
"138","2005",32,"W",4.34,27.41,17.15,0,16.81,0
"139","2005",33,"W",4.22,27.71,17.86,3.57,17.5,0
"140","2005",34,"W",5.02,27.71,16.93,0,16.16,0
"141","2005",35,"W",3.86,28.36,16.01,0.89,15.16,1
"142","2005",36,"W",5.26,28.36,16.26,1.2,14.89,0
"143","2005",37,"W",3.25,28.3,15.25,1.89,13.53,0
"144","2005",38,"W",5.57,28.59,14.46,0.31,10.56,1
"145","2005",39,"W",5.24,28.64,12.95,2.79,10.59,1
"146","2005",40,"S",5.71,29.34,11.14,1.44,9.7,1
"147","2005",41,"S",7.15,29.67,11.44,6.46,10.26,1
"148","2005",42,"S",4.36,29.1,11.33,3.79,10.37,0
"149","2005",43,"S",8.4,29.17,10.7,2.16,9.4,0
"150","2005",44,"S",8.27,28.56,10.27,6.11,7.49,0
"151","2005",45,"S",9.12,28.31,9.82,4.29,5.96,2
"152","2005",46,"W",4.91,28.01,9.21,2.41,5.51,1
"153","2005",47,"W",4.92,27.86,8.87,1.03,5.26,2
"154","2005",48,"W",5.55,28.26,8.24,0.26,0.64,3
"155","2005",49,"S",3.5,28.49,7.35,0.17,2.61,1
"156","2005",50,"W",3.33,28.33,7.52,0,1.44,5
"157","2005",51,"S",8.52,28.43,7.65,15.4,7.34,4
"158","2005",52,"S",10.99,28.52,8.44,8.46,6.8,3
"159","2006",1,"S",10.45,27.86,8.4,10.6,5.9,4
"160","2006",2,"S",8.46,27.49,8.5,9.17,5.71,4
"161","2006",3,"S",7.33,27.61,8.18,7.17,4.49,5
"162","2006",4,"S",8.45,28.17,8.29,4.14,5.27,8
"163","2006",5,"S",9.09,27.77,8.09,16.74,5.24,5
"164","2006",6,"W",4.16,24.64,7.9,0.34,3.63,5
"165","2006",7,"W",6.8,27.39,7.48,0.63,1.99,2
"166","2006",8,"W",4.51,27.07,6.88,0.86,1.11,5
"167","2006",9,"S",7.12,27.5,7.21,4.79,4.41,7
"168","2006",10,"S",7.44,28.16,7.35,4.36,4.64,3
"169","2006",11,"S",8.26,27.97,7.56,1.41,4.21,10
"170","2006",12,"S",7.79,28.13,7.74,3.86,6.31,7
"171","2006",13,"S",5.22,28.09,8.11,2.64,6.74,8
"172","2006",14,"S",4.6,27.46,8.78,0.61,7.8,11
"173","2006",15,"S",6.19,28.41,9.15,3.63,8.24,6
"174","2006",16,"S",9.03,28.53,8.56,2.57,6.87,15
"175","2006",17,"W",4.98,28.26,9.47,0.49,9.79,15
"176","2006",18,"W",5.46,27.54,9.92,0.54,9.7,9
"177","2006",19,"W",5.67,28.31,10.44,0.03,9.4,11
"178","2006",20,"W",4.06,25.69,13.07,0,14.73,5
"179","2006",21,"S",7.02,28.73,13.03,5.09,13.41,13
"180","2006",22,"S",6.18,28.57,12.35,1.4,13.84,3
"181","2006",23,"S",4.7,25.7,15.23,0.4,14.97,5
"182","2006",24,"S",5.88,26.66,16.1,0.6,15.89,4
"183","2006",25,"W",4.63,25.19,15.76,0.17,14.5,3
"184","2006",26,"W",6.26,25.17,15.52,0,16.09,6
"185","2006",27,"W",4.59,26.74,16.88,0.09,16.73,3
"186","2006",28,"S",6.01,27.19,16.29,1.66,15.27,0
"187","2006",29,"W",3.98,27.11,16.63,0,18.7,4
"188","2006",30,"W",7.49,26.91,15.82,0,18.29,3
"189","2006",31,"W",5.1,27.51,15.48,0.29,16.59,2
"190","2006",32,"W",4.69,27.66,15.75,1,16.61,5
"191","2006",33,"W",6.33,27.47,15.89,0,14.87,2
"192","2006",34,"W",4.37,27.67,15.39,0,16.3,5
"193","2006",35,"W",4.79,27.97,15.25,1.34,15.69,2
"194","2006",36,"W",4.23,28.4,16.06,0.51,16.17,2
"195","2006",37,"W",5.39,28.59,14.25,0.46,13.24,6
"196","2006",38,"S",5.98,29.16,12.59,4.03,12.46,3
"197","2006",39,"W",3.72,29.36,14.31,0,13.6,1
"198","2006",40,"W",5.84,28.04,13.33,0.83,9.21,4
"199","2006",41,"W",3.03,28.74,12.67,1.04,8.93,3
"200","2006",42,"S",5.22,29,11.32,2.6,9.56,2
"201","2006",43,"S",6.26,29.33,10.61,2.66,8.53,5
"202","2006",44,"W",5.96,29.36,9.86,11.71,4.77,2
"203","2006",45,"S",6.52,29.4,9.3,9.66,7.77,6
"204","2006",46,"S",11.52,29.4,9.23,18.81,5.7,5
"205","2006",47,"S",8.7,28.31,8.91,6.77,3.81,4
"206","2006",48,"S",7.25,27.96,7.92,0,-2.14,6
"207","2006",49,"E",4.93,28.39,7.55,1.16,2.49,8
"208","2006",50,"S",10.22,28.04,8.08,14.67,5.06,7
"209","2006",51,"S",10.79,28.29,7.99,8.43,4,15
"210","2006",52,"S",9.23,27.89,8.14,5.81,2.01,10
"211","2007",1,"S",8.39,27.92,7.55,11.39,5.1,21
"212","2007",2,"W",9.04,28.27,7.36,4.66,1.24,7
"213","2007",3,"S",6.7,28.1,6.5,2.77,1.49,8
"214","2007",4,"E",7.48,27.63,7.31,2.11,4.07,12
"215","2007",5,"S",2.62,26.74,6.94,1.03,-0.11,9
"216","2007",6,"S",3.54,27.87,6.82,3.41,6,9
"217","2007",7,"E",7.18,28.1,7.01,2.8,6.43,18
"218","2007",8,"E",8.23,28.91,7.72,1.94,5.17,11
"219","2007",9,"S",7.95,28.29,7.04,3.16,2.99,8
"220","2007",10,"E",9.36,28.66,7.24,7,7.8,14
"221","2007",11,"S",8.32,28.59,7.52,5.94,7.13,1
"222","2007",12,"E",9.21,28.64,7.62,3.1,8,6
"223","2007",13,"S",7.84,27.87,7.88,0.16,6.09,9
"224","2007",14,"W",4.21,27.97,8.13,0.69,6.71,4
"225","2007",15,"E",6.98,28.33,8.29,5.76,7.49,6
"226","2007",16,"W",5.33,27.84,8.78,1.71,6.81,11
"227","2007",17,"E",8.06,28.39,9.36,3.44,9.87,2
"228","2007",18,"W",6.46,27.34,9.59,2.89,8.96,4
"229","2007",19,"S",6.87,27.3,10.47,0.13,9.7,3
"230","2007",20,"S",5.49,27.43,11.64,3,11.49,6
"231","2007",21,"S",3.82,27.06,12.92,0.06,12.39,2
"232","2007",22,"S",3.88,25.59,14.36,0,14.64,5
"233","2007",23,"S",5.22,26.91,15.02,2.84,16.01,3
"234","2007",24,"E",6.57,26.97,14.15,3,13.7,1
"235","2007",25,"S",7.29,26.17,14.37,1.5,14.81,2
"236","2007",26,"S",4.78,25.56,14.5,2.03,14.67,1
"237","2007",27,"S",5.28,25.6,16.46,1.46,15.67,0
"238","2007",28,"S",4.61,24.06,16.58,0,18.63,2
"239","2007",29,"S",6.2,26.16,16.53,2.9,16.94,2
"240","2007",30,"S",5.93,26,16.53,1.46,17.47,1
"241","2007",31,"W",5.27,24.93,17.49,0,16.74,0
"242","2007",32,"W",4.48,25.14,17.24,1,15.7,1
"243","2007",33,"W",4.02,26.11,17.03,0.83,17.46,0
"244","2007",34,"W",4.08,26.09,17.05,2.23,17.34,1
"245","2007",35,"W",4.16,26.16,16.77,0.31,15.84,1
"246","2007",36,"W",5.61,26.29,15.58,0,15.17,0
"247","2007",37,"W",3.48,26.63,14.98,0.43,15.37,1
"248","2007",38,"W",5.46,27.31,14.3,2.17,12.39,0
"249","2007",39,"S",6.88,27.84,12.94,4.83,10.33,0
"250","2007",40,"S",6.8,28.87,10.88,12.39,9.87,1
"251","2007",41,"S",5.88,28.84,10.39,2.84,10.03,2
"252","2007",42,"E",7.97,28.56,10.23,5.69,8.99,2
"253","2007",43,"S",8.01,28.5,10.3,1.33,8.6,0
"254","2007",44,"S",6.17,28.2,9.85,0.94,6.49,3
"255","2007",45,"S",6.58,28.1,9.69,5.69,8.47,1
"256","2007",46,"S",9.74,26.69,9.4,12.57,6.64,1
"257","2007",47,"W",3.99,27.36,8.87,0.2,2.63,3
"258","2007",48,"S",5.56,28.03,8.25,1.77,0.94,2
"259","2007",49,"W",7,26.71,7.59,10.84,3.53,4
"260","2007",50,"S",6.06,27.61,7.56,2.46,2.9,10
"261","2007",51,"S",11.24,28.73,7.94,9.66,2.94,13
"262","2007",52,"S",7.62,28.39,7.61,4.03,1.93,6
"263","2008",1,"E",13.65,28.76,7.09,13.82,4.58,11
"264","2008",2,"S",9.58,28.74,7.08,6.29,2.89,6
"265","2008",3,"S",7.04,28.4,7.05,3.86,2.73,9
"266","2008",4,"W",5.42,28.59,6.5,0,-0.19,13
"267","2008",5,"S",5.47,28.77,6.41,0.51,1.1,12
"268","2008",6,"S",7.55,28.67,6.4,3.6,3.37,15
"269","2008",7,"S",6.86,28.94,6.74,1.51,4.91,11
"270","2008",8,"S",3.33,29.13,6.9,0,3.67,12
"271","2008",9,"S",5.25,28.91,7.13,0.39,5.94,9
"272","2008",10,"S",5.51,29.07,7.28,0.93,4.49,7
"273","2008",11,"S",6.16,27.73,7.39,4.17,6.21,5
"274","2008",12,"S",7.85,28.79,7.55,1.1,4.64,5
"275","2008",13,"S",7.68,29.69,7.34,1.96,4.33,6
"276","2008",14,"W",5.31,29.31,7.5,1.34,4.04,10
"277","2008",15,"S",6.03,29.43,7.57,2.91,6.64,6
"278","2008",16,"W",6.1,29.17,8.73,0.19,6.94,9
"279","2008",17,"S",4.6,29.1,8.71,0.04,5.46,6
"280","2008",18,"S",5.97,29.73,8.68,5.33,8.76,1
"281","2008",19,"W",6.04,29.56,9.63,0.4,9.46,3
"282","2008",20,"S",4.58,28.83,10.68,1.01,12.5,1
"283","2008",21,"W",6.97,29.31,11.96,0.19,14.34,1
"284","2008",22,"S",3.61,28.84,13.24,0.36,14.27,1
"285","2008",23,"S",6.02,28.66,12.81,3.47,11.9,1
"286","2008",24,"W",6.45,26.76,13.26,5.19,12.23,3
"287","2008",25,"S",5.1,26.24,14.12,0.93,12.36,2
"288","2008",26,"W",4.7,26.61,14.47,4.29,15.49,0
"289","2008",27,"S",5.48,24.6,16.05,1.37,15.74,3
"290","2008",28,"W",5.55,22.46,15.69,0.14,16.57,0
"291","2008",29,"W",5.71,24.9,15.5,0,15.7,0
"292","2008",30,"S",4.31,26.24,16.03,0,15.73,1
"293","2008",31,"W",4.89,26.8,15.41,2.46,14.26,3
"294","2008",32,"W",3.71,26.16,14.75,0.14,15.94,0
"295","2008",33,"S",5.37,27.7,15.79,1.27,17.17,1
"296","2008",34,"S",6.57,28.63,15.47,3.79,16.96,0
"297","2008",35,"S",4.76,28.64,15.21,1.87,14.91,0
"298","2008",36,"W",4.17,27.41,14.69,0.4,13.91,1
"299","2008",37,"W",6.39,27.99,15.41,0,14.27,2
"300","2008",38,"W",3.29,27.43,14.88,0.39,13.87,0
"301","2008",39,"S",5.67,27.46,13.23,2.64,12.3,0
"302","2008",40,"S",3.96,28.24,12.92,11.94,12.99,0
"303","2008",41,"W",6.43,28.63,11.04,1.47,7.49,1
"304","2008",42,"S",6.39,28.33,10.7,4.49,8,0
"305","2008",43,"W",5.75,28.63,10.39,1.04,7.39,1
"306","2008",44,"S",5.83,28.96,10.08,3.14,8.5,1
"307","2008",45,"S",8.31,28.91,9.66,9.73,8.27,3
"308","2008",46,"S",7.56,27.81,9.72,2.09,8.11,2
"309","2008",47,"S",5.81,28.53,9.67,2.8,5.86,3
"310","2008",48,"S",5.93,28.6,8.87,2.29,4.71,5
"311","2008",49,"S",3.95,28.59,8.32,1.27,6.21,3
"312","2008",50,"S",7.27,28.49,8.46,3.01,5.09,1
"313","2008",51,"W",8.61,28.14,7.47,1.94,2.6,5
"314","2008",52,"S",8.53,28.34,6.57,2.34,3.67,2
"315","2008",53,"S",9.23,28.77,7.39,5.72,3.67,10
"316","2009",1,"S",9.77,29.26,7.02,4.99,2.51,14
"317","2009",2,"W",2.79,29.2,6.85,0.29,2.14,4
"318","2009",3,"S",2.32,28.23,6.1,0.19,0.49,8
"319","2009",4,"S",6.48,28.66,6.65,0.14,2.1,10
"320","2009",5,"S",6.27,29.34,6.6,0.97,1.94,15
"321","2009",6,"W",5.73,29.37,6.6,1.27,3.97,15
"322","2009",7,"W",4.01,29.51,6.53,0.34,2.21,12
"323","2009",8,"S",5.43,29.37,6.63,3.89,3.73,12
"324","2009",9,"S",6.41,29.07,6.9,2.34,3.2,10
"325","2009",10,"W",6.61,29.56,6.47,1.97,0.64,6
"326","2009",11,"S",11.55,29.83,7.45,4.59,4.94,5
"327","2009",12,"W",6.42,29.66,7.35,1.8,3.5,8
"328","2009",13,"W",8.45,29.71,7.35,7.44,4.2,3
"329","2009",14,"S",4.8,29.53,7.91,3.57,6.47,5
"330","2009",15,"S",7.42,29.99,8.18,1.27,7.87,7
"331","2009",16,"W",6.85,29.91,8.98,0.03,9.76,2
"332","2009",17,"W",4.46,29.84,10.02,0.46,8.66,3
"333","2009",18,"S",6.81,29.99,10.18,4.91,10.67,2
"334","2009",19,"S",4.52,29.3,10.98,3.14,9.3,2
"335","2009",20,"W",4.85,28.84,12.8,0.41,11.2,1
"336","2009",21,"W",4.85,29.09,13.35,0.31,14.01,3
"337","2009",22,"W",4.13,27.84,15.65,0.11,17.66,2
"338","2009",23,"W",4.15,27.97,16.24,0.09,16.86,2
"339","2009",24,"S",5.02,26.94,16.59,0.34,15.64,1
"340","2009",25,"S",6.87,27.31,15.53,2,14.11,1
"341","2009",26,"W",7.24,26.66,15.2,0,13.93,2
"342","2009",27,"S",4.75,27.34,15.29,3.04,15.47,4
"343","2009",28,"W",3.41,28.11,16.3,0.8,17.29,1
"344","2009",29,"N",5,27.39,16.37,0.29,16.33,1
"345","2009",30,"W",5.17,27.54,19.22,1.99,20.73,0
"346","2009",31,"S",5.18,27.91,19.39,0.14,19.6,2
"347","2009",32,"S",6.54,27.61,17.2,3.91,17.59,1
"348","2009",33,"W",5.66,27.2,17.39,1.13,17.91,1
"349","2009",34,"W",4,28.4,15.89,1.04,15.07,1
"350","2009",35,"S",6.25,27.91,16.13,1.11,16.26,0
"351","2009",36,"S",4.74,28.44,15.4,4.56,15,0
"352","2009",37,"S",5.97,27.54,15.24,1,16.3,1
"353","2009",38,"W",4.44,27.77,14.99,0,13.3,0
"354","2009",39,"W",6.36,28.43,13.04,4.69,9.4,0
"355","2009",40,"W",4.74,28.87,12.13,0.01,9.47,1
"356","2009",41,"S",5.48,28.97,11.02,8.74,9.7,0
"357","2009",42,"S",5.61,29.01,10.73,1.84,10.36,0
"358","2009",43,"S",8.48,29.4,9.96,8.49,8.26,0
"359","2009",44,"S",7.26,29.37,9.55,7.47,7.43,0
"360","2009",45,"S",9.58,29.57,9.35,6.97,5.13,0
"361","2009",46,"S",12.12,28.96,8.96,25.33,5.19,0
"362","2009",47,"S",8.93,28.37,8.93,4.3,6.84,0
"363","2009",48,"W",7.37,28.24,8.42,4.66,7.16,2
"364","2009",49,"S",4.46,28.13,7.12,1.31,-0.27,1
"365","2009",50,"S",7.51,28.47,7.02,3.66,1.89,0
"366","2009",51,"W",4.44,26.07,7.4,0.66,1.69,0
"367","2009",52,"S",4.24,28.26,6.64,6.56,0.68,4
"368","2009",53,"S",8.06,29.33,7.19,7.53,0.27,NA
"369","2010",1,"S",4.94,25.74,6.72,1.21,3.17,6
"370","2010",2,"S",9.91,25.24,7.63,8.21,2.09,4
"371","2010",3,"S",6.24,25.26,7.61,1.57,3.41,4
"372","2010",4,"S",6.13,26.59,7.67,3.83,4.3,4
"373","2010",5,"E",4.79,27.67,7.74,2.11,6.79,8
"374","2010",6,"S",7.76,27.74,7.65,6.56,5.84,7
"375","2010",7,"S",4.03,27.13,7.72,1.46,5.3,5
"376","2010",8,"S",5.27,27.34,8.22,5.81,5.73,4
"377","2010",9,"S",5.24,27.97,8.24,0.11,4.79,4
"378","2010",10,"S",9.97,27.89,8.12,3.89,5.43,7
"379","2010",11,"S",6.98,27.71,7.82,9.91,3.83,1
"380","2010",12,"S",5.32,28,8.1,0.81,6.2,7
"381","2010",13,"S",10.09,28.51,8.04,4.79,5.64,5
"382","2010",14,"S",7.8,27.9,7.82,5.3,5.96,2
"383","2010",15,"W",4.31,27.66,9.34,0.29,8.84,5
"384","2010",16,"S",7.05,27.36,9.87,3.01,9.24,6
"385","2010",17,"S",5.25,28,9.87,1.94,9.66,1
"386","2010",18,"W",5.84,26.84,9.86,1.53,7.99,6
"387","2010",19,"W",4.53,27.84,12.03,0,11.01,4
"388","2010",20,"S",4.91,27.86,12.76,2.91,11.14,7
"389","2010",21,"S",4.73,27.97,12.72,3.44,12.53,3
"390","2010",22,"S",5.8,26.94,11.71,2.3,10.79,0
"391","2010",23,"W",3.45,27.17,13.56,1.49,12.71,0
"392","2010",24,"W",6.08,26.8,14.36,0,13.24,0
"393","2010",25,"S",4.29,26.79,15.32,3.26,15.97,1
"394","2010",26,"S",5.67,26.64,14.96,0.23,13.94,0
"395","2010",27,"W",6.49,26.4,16.06,1.41,14.57,1
"396","2010",28,"N",7.03,26.76,15.19,0.54,13.74,0
"397","2010",29,"W",7.51,27.36,15.5,0.31,15.03,1
"398","2010",30,"W",6.57,27.23,15.85,2.43,14.21,0
"399","2010",31,"W",3.99,27.36,16.17,0.03,15.69,3
"400","2010",32,"W",5.46,27.34,17.18,1.6,17.33,0
"401","2010",33,"W",4.69,27.23,17.7,0.69,17.51,1
"402","2010",34,"W",4.8,26.96,16.48,0.2,16.24,1
"403","2010",35,"W",4.75,27.1,15.05,0.57,13.96,0
"404","2010",36,"S",4.2,27.51,14.19,3.41,14.57,0
"405","2010",37,"S",2.77,27.59,13.89,1.86,14.07,0
"406","2010",38,"W",7.5,27.69,13.65,4.83,14.47,0
"407","2010",39,"S",5.07,28.2,13.16,0.64,11.03,3
"408","2010",40,"W",6.65,27.87,12.86,1.14,10.99,1
"409","2010",41,"S",5.97,28.41,10.79,3.8,7.93,0
"410","2010",42,"S",5.08,27.91,11.33,4.86,10.67,1
"411","2010",43,"S",9.57,28.8,10.47,9.23,8.99,0
"412","2010",44,"S",5.67,27.59,10.4,1,9.21,4
"413","2010",45,"S",5.84,28.1,10,4.06,8.33,4
"414","2010",46,"S",7.19,27.81,9.72,2.5,7.77,2
"415","2010",47,"S",9.11,27.71,8.25,2.57,6.1,9
"416","2010",48,"S",8.05,27.97,8.02,2.1,4.71,5
"417","2010",49,"S",7.75,27.89,8.07,9.56,5.16,6
"418","2010",50,"S",8.32,28.23,8.19,1.41,5.7,10
"419","2010",51,"E",11.74,27.67,8.36,3.53,6.3,9
"420","2010",52,"W",8.27,26.86,7.37,2.52,3.51,13
"421","2011",1,"S",5.99,29.19,6.96,1.44,2.86,14
"422","2011",2,"W",7.41,29.23,6.91,0.76,2.51,16
"423","2011",3,"S",6.38,28.67,6.96,4.77,1.43,12
"424","2011",4,"E",5.92,29.36,6.5,3.53,2.07,11
"425","2011",5,"S",5.04,29,6.74,2.57,1.59,3
"426","2011",6,"S",7.21,29.17,7.04,5.83,3.93,5
"427","2011",7,"S",8.97,28.81,6.9,6.8,3.16,5
"428","2011",8,"W",6.37,28.57,6.34,0.2,-0.96,3
"429","2011",9,"S",10.42,29.34,6.5,7.49,2.4,5
"430","2011",10,"S",9.09,29.33,6.91,10.7,5.14,5
"431","2011",11,"S",10.04,29.73,7,11.5,6.31,5
"432","2011",12,"W",4.58,29.43,7.49,1.29,5.91,5
"433","2011",13,"S",7.03,29.53,7.76,1.84,7.84,0
"434","2011",14,"W",7.36,29.14,7.92,1.97,6.14,4
"435","2011",15,"S",8.89,29.73,7.78,2.57,6.51,2
"436","2011",16,"W",5.74,29.41,8.2,1.8,5.34,3
"437","2011",17,"S",5.87,29.69,8.62,1.79,6.86,5
"438","2011",18,"S",5.5,29.71,9.95,2.17,9.84,3
"439","2011",19,"S",6.87,29.74,9.96,3.79,10.56,4
"440","2011",20,"W",4.1,29.6,11.06,1.57,10.94,4
"441","2011",21,"S",4.7,28.8,12.39,1.83,11.23,2
"442","2011",22,"S",4.01,28.46,14.01,0.8,13.03,0
"443","2011",23,"W",5.61,27.36,14.97,0.06,13.47,0
"444","2011",24,"S",6.24,27.1,14.77,0.51,14.76,1
"445","2011",25,"S",4.84,25.33,15.28,0,14.74,1
"446","2011",26,"S",4.53,25.66,15.93,0.36,15.47,1
"447","2011",27,"W",4.98,25.17,16.19,0.11,15.5,0
"448","2011",28,"S",4.68,24.51,15.98,6.59,16,0
"449","2011",29,"W",4.74,24.29,15.6,0.76,16.54,0
"450","2011",30,"W",4.47,24.23,17.28,0,17.21,3
"451","2011",31,"W",4.68,24.4,18.28,0,17.36,2
"452","2011",32,"W",4.57,24.2,17.38,0,16.27,0
"453","2011",33,"W",4.43,24.64,17.86,0,15.6,1
"454","2011",34,"W",5.38,24.51,16.78,1,18.16,1
"455","2011",35,"W",4.89,24.89,16.35,0,15.23,0
"456","2011",36,"W",4.02,26.37,16.59,0,17.34,0
"457","2011",37,"W",4.19,25.87,15.97,1.54,14.84,0
"458","2011",38,"S",7.7,27.59,13.65,5.8,15.49,1
"459","2011",39,"S",7.44,28.69,11.65,6.47,11.33,0
"460","2011",40,"S",6.52,28.77,11.55,2.04,10.71,0
"461","2011",41,"S",6.24,28.5,11.89,2.3,9.3,0
"462","2011",42,"W",4.42,28.19,11.27,1.89,8.8,0
"463","2011",43,"W",5.08,28.83,10.17,1.91,5.99,0
"464","2011",44,"W",7.29,29.67,9.53,0.34,5.01,0
"465","2011",45,"S",8.07,29.44,9.04,3.56,6.34,2
"466","2011",46,"W",6.99,29.57,8.86,2.66,2.07,1
"467","2011",47,"S",11.58,29.5,8.35,17.14,4.23,2
"468","2011",48,"S",7.26,29.1,8.19,2.93,4.43,1
"469","2011",49,"W",3.57,28.91,7.49,0.23,2.17,1
"470","2011",50,"E",6.26,29.34,7.18,1.84,2.73,5
"471","2011",51,"S",7.47,29.63,7.81,1.84,3.51,1
"472","2011",52,"S",8.82,29.79,7.75,5.84,4.35,5
"473","2012",1,"S",8.7,29.43,7.73,17.36,4.86,5
"474","2012",2,"W",7.53,29.67,7.79,2.97,4.46,13
"475","2012",3,"W",6.96,29.13,6.79,1.01,1.04,9
"476","2012",4,"S",10.36,29.86,6.91,14.26,4.96,11
"477","2012",5,"S",7.15,29.37,6.9,6.16,4.24,12
"478","2012",6,"E",3.71,29,7.2,4.33,4.1,4
"479","2012",7,"S",7.57,29.64,6.98,4.03,3.94,10
"480","2012",8,"S",8.38,29.4,7.24,3.54,4.6,5
"481","2012",9,"S",8.71,29.5,6.77,1.43,2.41,5
"482","2012",10,"S",8,29.69,6.99,5.96,4.79,2
"483","2012",11,"S",12.74,29.84,7.01,8.59,4.81,8
"484","2012",12,"S",7.16,29.83,7.19,2.8,4.54,6
"485","2012",13,"S",7.95,29.64,7.31,4.59,5.5,4
"486","2012",14,"S",6.32,28.73,7.37,3.83,5.07,4
"487","2012",15,"W",4.24,28.04,8.84,0.94,7.83,7
"488","2012",16,"S",6.68,29.66,8.83,2.57,8.21,5
"489","2012",17,"S",5.55,29.3,9.13,3.74,10.17,1
"490","2012",18,"S",4.47,29.47,9.6,4.66,9.27,2
"491","2012",19,"W",4.86,29.2,11.25,0,9.96,1
"492","2012",20,"N",7.12,27.5,11.83,0,11.23,0
"493","2012",21,"S",5.42,28.64,11.75,1.87,12.24,2
"494","2012",22,"S",6.31,28.86,12.95,4,13.4,0
"495","2012",23,"S",6.22,28.59,12.43,0.69,11.24,0
"496","2012",24,"S",5.84,28.19,13.17,0.83,13.5,1
"497","2012",25,"S",3.96,27.2,14.12,4.06,14.44,2
"498","2012",26,"S",5.42,26.74,14.6,2.16,14.84,1
"499","2012",27,"W",4.4,25.73,15.44,2.07,14.99,0
"500","2012",28,"W",5.48,22.33,18.88,0,19.63,0
"501","2012",29,"S",5.97,22.84,18.04,0.56,18.57,0
"502","2012",30,"W",4.73,23.37,17.32,0.2,17.01,1
"503","2012",31,"W",4.63,23.26,17.91,0,17.66,0
"504","2012",32,"W",5.45,23.33,17.59,0,18.8,0
"505","2012",33,"W",4.69,23.57,17.32,0,19.53,0
"506","2012",34,"W",4.44,25.2,16.71,0,16.01,0
"507","2012",35,"W",5.37,26.53,15.95,1.07,14.59,1
"508","2012",36,"W",5.18,26.66,15.63,0,15.64,0
"509","2012",37,"W",5.32,26.43,14.31,0.41,12.31,1
"510","2012",38,"W",3.33,27.34,15.05,0,14.63,0
"511","2012",39,"W",3.51,28.1,14.2,0.2,11.93,0
"512","2012",40,"W",4.65,28.31,12.95,0,10.2,0
"513","2012",41,"S",4.11,28.77,12.33,6.59,10.33,3
"514","2012",42,"S",7.42,29.59,9.94,6.77,9.54,1
"515","2012",43,"S",6.07,29.49,9.78,3.06,6.64,2
"516","2012",44,"S",5.12,28.64,10.23,9.97,10.14,3
"517","2012",45,"W",6.16,28.64,9.51,1.71,6.41,4
"518","2012",46,"S",6.79,29.13,9.15,3.63,5.26,5
"519","2012",47,"S",10.44,29.34,8.97,7.01,5.46,5
"520","2012",48,"S",7.36,28.37,8.72,8.51,5.01,2
"521","2012",49,"S",7.23,29.21,8.59,6.71,4.61,5
"522","2012",50,"S",8.12,28.96,8.03,2.59,2.96,6
"523","2012",51,"S",8.29,29.19,7.73,7.59,2.43,4
"524","2012",52,"S",6.42,28.79,7.33,2.94,3.26,10
"525","2013",1,"S",4.49,29.32,7.63,1.29,3.41,13
"526","2013",2,"S",7.22,29.19,7.28,5.63,2.67,10
"527","2013",3,"S",3.25,29.1,6.54,0.31,2.47,9
"528","2013",4,"S",4.96,28.99,6.12,2.33,2.44,7
"529","2013",5,"S",3.35,29.26,6.56,0.33,4.56,3
"530","2013",6,"E",7.86,29.59,6.99,3.24,5.21,7
"531","2013",7,"S",3.67,29.6,7.28,0.9,5.89,4
"532","2013",8,"S",7.18,29.61,7.61,2.53,4.31,4
"533","2013",9,"S",10,29.61,7.67,7.03,5.54,7
"534","2013",10,"W",4.47,29.1,7.63,0.83,4.63,7
"535","2013",11,"S",7.61,29.21,7.75,5.79,7.64,1
"536","2013",12,"S",7.23,29.17,7.33,3.8,4.33,3
"537","2013",13,"W",3.49,29.26,8.32,0.01,7.91,4
"538","2013",14,"S",4.51,29.21,9.63,1.91,7.99,1
"539","2013",15,"S",8.49,29.31,8.83,2.63,6.87,0
"540","2013",16,"W",5.31,28.71,9.38,2.09,7.61,2
"541","2013",17,"W",5.26,29.26,10.42,0.93,9.9,0
"542","2013",18,"W",5.95,29.34,10.63,0.71,9.1,3
"543","2013",19,"S",3.37,28.76,13.09,0.36,14.94,0
"544","2013",20,"S",6.29,29.51,12.29,2.66,12.74,0
"545","2013",21,"S",5.01,27.67,13.05,4.57,11.36,0
"546","2013",22,"S",6.58,28.37,13,4.1,11.47,0
"547","2013",23,"W",5.29,24.01,14.44,0.06,14.9,2
"548","2013",24,"S",4.81,24.71,14.79,1.34,13.01,0
"549","2013",25,"S",4.61,24.67,16.05,1.89,16.34,0
"550","2013",26,"S",5.39,24.64,15.87,4.2,16.4,1
"551","2013",27,"W",5.52,20.86,17.1,0,18.56,1
"552","2013",28,"W",5.26,23.43,16.65,0,16.56,2
"553","2013",29,"W",4.91,25.43,17.1,0,18.19,0
"554","2013",30,"W",6.58,25.97,17.47,0,17.6,1
"555","2013",31,"S",3.61,26.64,17.53,0,19.1,0
"556","2013",32,"W",4.67,25.93,19.08,0,18.93,1
"557","2013",33,"S",4.79,26.04,18.14,1.84,17.93,1
"558","2013",34,"S",5.74,27.6,17.6,0.06,17.27,0
"559","2013",35,"S",4.53,27.23,15.78,3.81,16.61,0
"560","2013",36,"W",3.51,26.56,16.82,1.11,16.79,0
"561","2013",37,"W",2.9,26.91,17.7,0,17.24,0
"562","2013",38,"W",4.44,28.03,16.23,4.19,14.47,1
"563","2013",39,"S",7.54,28.2,13.81,7.21,11.53,0
"564","2013",40,"S",8.08,28.26,12.42,6.5,10.27,1
"565","2013",41,"W",5.63,27.34,11.86,1.89,10.17,0
"566","2013",42,"W",3.18,27.16,11.64,0.04,6.84,0
"567","2013",43,"W",2.63,27.47,11.12,0.49,7.44,0
"568","2013",44,"W",6.17,27.83,10.65,6.44,7.34,1
"569","2013",45,"S",6.14,27.99,9.7,3.49,5.99,5
"570","2013",46,"S",6.02,28.33,9.33,1.76,7.4,2
"571","2013",47,"W",4.83,28.33,8.93,1.23,2.33,3
"572","2013",48,"S",2.9,28.37,7.88,0.37,5.13,2
"573","2013",49,"W",7.51,29.84,8.09,0,-1.34,5
"574","2013",50,"S",6.1,29.91,7.34,1.11,0.07,9
"575","2013",51,"S",7,29.94,7.79,0.54,2.2,6
"576","2013",52,"S",5.62,29.56,7.94,1.36,4,12
"577","2014",1,"S",7.29,28.77,8.02,2.4,3.35,14
"578","2014",2,"S",7.41,29.19,7.8,11.24,4.09,13
"579","2014",3,"S",3.5,28.13,7.47,0,5.71,8
"580","2014",4,"S",2.4,28.81,7.43,0,3.56,5
"581","2014",5,"S",3.59,28.8,7.44,1.97,2.69,10
"582","2014",6,"S",5.64,29.33,7.03,0,-2.23,4
"583","2014",7,"S",7.9,29.49,7.03,8.7,3.47,6
"584","2014",8,"S",7.5,29.19,7.56,6.61,2.83,7
"585","2014",9,"S",2.99,28.76,7.02,1.09,2.79,12
"586","2014",10,"S",5.9,28.03,6.96,9.51,4.7,10
"587","2014",11,"S",5.26,27.46,7.62,4.76,6,6
"588","2014",12,"S",7.11,29,7.44,2.33,4.57,2
"589","2014",13,"S",5.65,29.2,7.92,5.41,6.96,13
"590","2014",14,"S",6.32,28.71,8.22,2.56,6.67,4
"591","2014",15,"S",4.47,28.39,8.99,0.27,8.84,7
"592","2014",16,"S",6.74,28.67,9.49,4.09,8.86,4
"593","2014",17,"S",6.69,29.29,9.15,3.86,7.93,2
"594","2014",18,"S",5,29.17,10.59,0.64,11.2,4
"595","2014",19,"S",4.69,28.44,11.99,1.19,11.3,3
"596","2014",20,"S",4.08,28.46,14.1,0,14.03,4
"597","2014",21,"S",4.44,28.69,15.64,0.8,14.81,1
"598","2014",22,"S",5.41,27.96,15.17,4.21,12.44,0
"599","2014",23,"E",6.87,26.04,14.65,0,13.39,3
"600","2014",24,"E",5.09,27.1,14.75,0.29,15.1,2
"601","2014",25,"S",6.72,26.61,15.61,1.07,15.46,2
"602","2014",26,"S",5.9,25.84,17.32,1.36,17.1,2
"603","2014",27,"S",4.71,26.97,16.95,0.14,15.67,0
"604","2014",28,"E",5.41,26.3,16.75,0,18.16,0
"605","2014",29,"E",6.2,25.44,17.42,0,18.87,1
"606","2014",30,"S",4.59,26.41,17.42,3.46,16.49,0
"607","2014",31,"E",4.31,26.29,18.95,0,19.49,0
"608","2014",32,"E",4.97,26.37,17.57,0,17.27,0
"609","2014",33,"S",4.1,27.36,18.39,0.51,18.26,0
"610","2014",34,"E",4.84,26.86,18.93,0,17.56,2
"611","2014",35,"E",4.44,27.41,17.83,0,18.06,0
"612","2014",36,"S",4.87,28.07,16.63,4.86,15.11,1
"613","2014",37,"S",4.47,28.21,16.23,0,14.41,1
"614","2014",38,"S",3.41,28.57,15.73,0.77,15.81,1
"615","2014",39,"S",6.06,29.21,14.95,3.94,14.96,1
"616","2014",40,"S",3.53,29.11,14.59,0.46,12.46,0
"617","2014",41,"S",3.01,28.76,14.38,1.31,13.67,0
"618","2014",42,"S",8.74,29.71,12.99,6.69,11.34,0
"619","2014",43,"S",7.31,29.37,12.45,18.3,10.86,1
"620","2014",44,"S",6.95,27.76,12.34,3.83,9,0
"621","2014",45,"S",6.83,27.06,11.3,4.06,9.19,0
"622","2014",46,"S",5.01,27.24,10.25,0,2.54,0
"623","2014",47,"W",4.95,27.24,9.41,6.4,3.09,0
"624","2014",48,"S",8.36,28.8,9.84,8.69,5.87,0
"625","2014",49,"W",3.92,27.54,8.47,0.8,0.03,3
"626","2014",50,"E",8.76,28.27,8.8,20.43,7.61,1
"627","2014",51,"E",7.22,26.47,8.86,3.79,4.81,1
"628","2014",52,"S",5.36,27.51,8.9,3.31,3.89,1
"629","2014",53,"W",6.89,27.62,8.07,0.5,-0.93,2
"630","2015",1,"W",3.58,28.2,7.72,5.11,2.81,5
"631","2015",2,"S",4.58,27.64,7.71,1.91,4.41,2
"632","2015",3,"E",5.74,28.2,8.06,2.19,5.2,1
"633","2015",4,"W",4.64,28.06,8.41,0.53,5.13,0
"634","2015",5,"E",7.38,28.06,8.37,12.56,8.04,2
"635","2015",6,"S",5.37,26.89,8.67,7.89,8.7,2
"636","2015",7,"W",3.45,26.87,8.41,0.14,4.61,4
"637","2015",8,"W",3.88,27.27,8.44,3.4,5.06,3
"638","2015",9,"W",3.19,27.53,8.36,0.4,4.23,3
"639","2015",10,"S",5.78,27.51,8.94,3.03,7.27,5
"640","2015",11,"S",5.76,28.29,8.94,5.67,7.5,3
"641","2015",12,"S",6.97,28.76,9.08,4.09,8.63,1
"642","2015",13,"E",7.62,26.64,9.15,5.31,7.89,1
"643","2015",14,"S",5.05,27.76,9.87,0.61,7.03,2
"644","2015",15,"W",6.4,28.17,10.14,1.16,7.49,1
"645","2015",16,"W",5.98,27.1,10.85,1.73,8.39,6
"646","2015",17,"S",6.93,28.06,10.65,0.57,10.63,2
"647","2015",18,"S",4.31,27.57,12.28,0.23,10.4,8
"648","2015",19,"W",4.04,27.17,13.72,1.11,13.06,2
"649","2015",20,"W",4.7,27.47,15.82,0,14.31,2
"650","2015",21,"W",5.25,26.63,16.82,0,15.3,0
"651","2015",22,"W",4.77,26.49,17.4,2.44,15.47,2
"652","2015",23,"N",7.98,26.04,16.33,0,14.93,0
"653","2015",24,"W",4.24,27.6,14.26,0,15.44,1
"654","2015",25,"W",4.44,26.43,16.78,0,16.19,1
"655","2015",26,"N",7.45,25.94,17.87,2.03,16.69,1
"656","2015",27,"S",4.02,27.71,15.88,0.26,17.14,1
"657","2015",28,"W",6.56,27.77,16.79,2.59,17.33,0
"658","2015",29,"W",5.35,27.69,16.14,1.09,16.47,4
"659","2015",30,"W",4.29,28.37,17.86,1.7,17.1,2
"660","2015",31,"W",4.8,27.86,17.23,0.29,17.24,1
"661","2015",32,"W",4.79,28.33,17.52,0.17,17.76,0
"662","2015",33,"W",5.98,28.4,16.33,0.09,14.96,3
"663","2015",34,"S",4.66,28.61,16.45,2.57,15.56,0
"664","2015",35,"S",5.84,29.67,13.84,2.23,12.8,2
"665","2015",36,"W",4.84,28.39,14.24,2.41,15.03,0
"666","2015",37,"E",6.37,28.4,13.59,2.63,12.5,2
"667","2015",38,"S",6.8,28.89,13.08,7.37,11.97,0
"668","2015",39,"W",4.37,29.09,13.3,0,10.6,0
"669","2015",40,"S",5.92,29.36,12.82,3.97,12.39,1
"670","2015",41,"W",3.79,29.23,12.18,2.54,9.84,0
"671","2015",42,"W",3.43,29.07,12.22,0.89,9.17,0
"672","2015",43,"S",4.91,28.79,11.78,6.37,10.63,1
"673","2015",44,"S",6.34,28.71,11.1,0.24,10.99,0
"674","2015",45,"W",6.42,29.27,10.56,5.03,7.26,2
"675","2015",46,"W",7.74,28.51,9.91,2.54,8.14,0
"676","2015",47,"W",4.58,28.81,9.25,3.37,6.57,2
"677","2015",48,"S",9.01,29.2,9.3,9.19,6.16,5
"678","2015",49,"E",11.09,29,9.59,11.29,6.51,1
"679","2015",50,"W",7.25,28.64,8.92,0.59,5.69,3
"680","2015",51,"S",7.76,29.01,8.3,4.53,3.84,1
"681","2015",52,"S",5.59,28.74,7.79,3.52,2.26,2
"682","2015",53,"S",3.28,27.83,7.37,0.37,1.73,NA
"683","2016",1,"W",3.13,28.27,6.9,2.09,2.19,7
"684","2016",2,"S",5.66,28.81,7.26,5.34,4.66,8
"685","2016",3,"S",7.32,28.87,8.25,7.06,5.49,3
"686","2016",4,"S",7.95,28.31,8.07,9.23,7.36,3
"687","2016",5,"S",6.91,27.84,7.74,7.43,3.57,2
"688","2016",6,"S",4.91,27.8,8.13,6.13,5.84,4
"689","2016",7,"S",7.02,28.61,8.24,5.2,6.6,4
"690","2016",8,"S",3.3,26.86,7.8,1.8,4.91,3
"691","2016",9,"S",10.1,27.79,8.37,11.86,8.24,5
"692","2016",10,"S",9.8,27.93,8.3,11.03,6.84,2
"693","2016",11,"S",4.88,26.51,8.29,2.77,5.96,2
"694","2016",12,"S",5.61,26.86,8.43,2.57,7.99,0
"695","2016",13,"S",4.28,27.53,9.68,0.31,9.49,1
"696","2016",14,"S",5.15,27.43,10.66,0.46,10.46,1
"697","2016",15,"S",7.57,27.96,10.44,2.03,9.39,1
"698","2016",16,"W",3.44,27.6,11.61,1.11,13.31,1
"699","2016",17,"W",5.28,27.37,11.92,0.29,9.91,2
"700","2016",18,"W",5.25,26.86,12.83,0.51,12.77,3
"701","2016",19,"W",5.18,27.53,12.94,0.09,12.8,4
"702","2016",20,"W",5,27.57,14.12,0.91,15.19,1
"703","2016",21,"W",5.48,27.44,14.61,0.74,12.81,1
"704","2016",22,"W",4.78,27.29,15.43,0.86,14.8,2
"705","2016",23,"W",5.07,27.11,16.67,0.23,16.84,0
"706","2016",24,"S",4.58,27.29,15.87,1.43,13.94,2
"707","2016",25,"S",4.19,27.63,16.56,4.14,16.37,0
"708","2016",26,"W",5.39,26.71,17.77,0.57,17.89,0
"709","2016",27,"S",6.63,27.27,17.13,4.44,16.46,3
"710","2016",28,"W",5.02,27.57,16.41,1.26,15.44,1
"711","2016",29,"W",3.83,26.81,17.64,0.34,18.13,1
"712","2016",30,"W",7.58,26.83,19.41,0,18.27,0
"713","2016",31,"W",4.42,26.87,16.22,1.43,16.2,0
"714","2016",32,"W",4.16,27.8,17.18,0.97,17.09,0
"715","2016",33,"W",6.28,27.6,17.07,0,17.84,0
"716","2016",34,"W",5.52,27.91,16.07,1.23,15.74,0
"717","2016",35,"S",5.4,28.84,16.53,7.91,17.71,1
"718","2016",36,"W",4.48,29.26,15.05,1.29,14.99,0
"719","2016",37,"W",5.06,28.01,15.51,1.11,14.07,0
"720","2016",38,"W",4.87,28.71,14.06,3.94,12.93,1
"721","2016",39,"W",5.14,28.64,13.4,2.49,10.79,0
"722","2016",40,"S",6.08,29.29,12.49,13.06,11.83,2
"723","2016",41,"S",6.3,28.67,11.78,7.24,8.91,0
"724","2016",42,"E",7.93,29.33,11.12,4.96,9.99,1
"725","2016",43,"E",7.1,29.07,10.84,8.23,10.7,0
"726","2016",44,"E",10.25,27.26,10.7,10.89,9.84,1
"727","2016",45,"E",8.44,25.81,10.72,6.4,11.77,0
"728","2016",46,"S",6.14,26.87,10.16,8.89,6.8,5
"729","2016",47,"S",8.94,26.04,10.02,9.83,6.61,1
"730","2016",48,"S",7.38,26.36,9.15,2.43,4.73,1
"731","2016",49,"W",6.37,26.03,8.59,2.64,1.44,2
"732","2016",50,"W",5.81,26.29,7.78,2.9,0.57,2
"733","2016",51,"S",9.73,26.34,7.42,2.09,0.44,5
"734","2016",52,"S",6.69,27.32,7.6,2.08,4.19,6
"735","2017",1,"S",7.14,27.06,7.13,9.94,1.35,7
"736","2017",2,"W",5.1,27.26,7.15,0.51,-0.63,1
"737","2017",3,"E",8.84,27.41,7.34,8.26,4.64,12
"738","2017",4,"E",5.79,27.26,7.68,2.69,4.7,5
"739","2017",5,"W",6.69,27.66,7.46,2.59,1.61,5
"740","2017",6,"W",6,27.4,6.46,5.43,-0.64,6
"741","2017",7,"S",6.67,27.56,7.24,6.89,4.1,4
"742","2017",8,"W",4.49,26.87,6.82,0.57,1.83,4
"743","2017",9,"W",7.2,28.33,6.96,1.2,2.89,0
"744","2017",10,"W",5.89,28.41,7.23,2,2.41,2
"745","2017",11,"S",8.55,29.01,7.76,4.49,6.94,2
"746","2017",12,"S",7.45,28.6,7.36,4.37,5.84,2
"747","2017",13,"E",8.86,29.17,7.79,4.94,7.3,0
"748","2017",14,"S",7.97,28.33,8.58,6.06,7.3,0
"749","2017",15,"S",7.02,28.3,8.24,4.49,6.94,0
"750","2017",16,"S",5.13,28.03,9.39,3.96,8.6,1
"751","2017",17,"S",6.52,28.67,10.46,0.94,8.99,3
"752","2017",18,"S",4.78,27.76,11.07,1.54,10.71,0
"753","2017",19,"S",4.49,27.29,11.74,1.49,9.81,1
"754","2017",20,"S",4.61,28.21,12.25,0.71,10.99,2
"755","2017",21,"W",5.27,23.73,13.49,0,14.44,3
"756","2017",22,"S",6.1,25.5,14.37,1.43,15.19,1
"757","2017",23,"S",4.1,27.26,14.67,1.51,14.17,1
"758","2017",24,"S",6.62,27.51,14.57,3.91,12.9,2
"759","2017",25,"W",5.46,25.79,15.07,0.94,13.97,1
"760","2017",26,"W",5.78,24.61,16.44,0,14.79,1
"761","2017",27,"W",4.57,24.54,17.83,0,16.69,0
"762","2017",28,"W",5.15,25.73,17.67,0.43,16.84,2
"763","2017",29,"S",5.07,26.5,18.44,0.46,16.26,1
"764","2017",30,"W",5.2,26.11,18.12,1.03,17.69,4
"765","2017",31,"W",5.47,25.91,18.78,0,19.81,0
"766","2017",32,"W",3.9,26.06,17.27,0,17.99,2
"767","2017",33,"W",5.17,27.61,17.43,0,16.86,2
"768","2017",34,"W",3.55,27.5,18.09,1.99,18.46,1
"769","2017",35,"W",4.16,27.43,18.23,0,17.53,0
"770","2017",36,"W",4.22,27.77,18.73,0.7,18.17,0
"771","2017",37,"W",5.35,28.5,15.18,0,14.13,0
"772","2017",38,"W",4.24,28.63,14.33,3.09,11.49,1
"773","2017",39,"S",2.82,28.9,14.32,1.97,13.76,0
"774","2017",40,"W",4.74,28.31,13.46,2.23,9.43,3
"775","2017",41,"W",5.29,28.81,11.92,3.77,7.96,0
"776","2017",42,"S",9.07,29.3,10.59,15.69,9.5,1
"777","2017",43,"S",4.2,29.27,10.45,0.14,8.8,1
"778","2017",44,"W",5.22,28.8,10.5,2.43,4.2,0
"779","2017",45,"S",5.53,28.66,9.22,0.6,3.89,1
"780","2017",46,"S",9.59,29.41,9.09,16.4,5.64,1
"781","2017",47,"S",8.83,29.07,8.93,16.66,8.1,2
"782","2017",48,"S",8.65,28.84,8.97,4.24,5.76,4
"783","2017",49,"S",3.18,27.69,8.3,1.64,2.4,3
"784","2017",50,"W",2.9,27.5,7.68,0.6,1.64,1
"785","2017",51,"W",5.69,27.13,7.74,2.16,0.53,1
"786","2017",52,"W",4.75,27.39,6.93,3.4,0.67,1
"787","2018",1,"W",3.61,28.41,6.92,0.96,1.85,8
"788","2018",2,"S",5.81,28.9,7.26,6.1,3.7,5
"789","2018",3,"E",9.55,28.6,8.32,13.26,6.34,5
"790","2018",4,"S",9.23,28.94,8.17,7.56,5.36,1
"791","2018",5,"S",6.43,28.71,7.68,5.66,4.6,3
"792","2018",6,"W",5.01,28.27,8.03,1.77,4.39,1
"793","2018",7,"S",5.42,28.1,7.7,2.4,2.8,1
"794","2018",8,"W",7.1,28.06,6.68,0,-1.16,1
"795","2018",9,"S",6.22,28.84,7.45,1.29,3.03,3
"796","2018",10,"W",2.83,28.54,7.19,2.81,3.17,4
"797","2018",11,"W",4.05,28.57,7.45,0.77,4.89,4
"798","2018",12,"S",5.15,28.86,7.76,1.29,5.16,7
"799","2018",13,"S",6.24,29.09,7.94,1.2,6.63,5
"800","2018",14,"S",6.96,28.91,7.87,4.46,6.69,6
"801","2018",15,"E",8,29.2,8.14,6.71,8.2,2
"802","2018",16,"S",4.78,29.03,9.01,1.43,8.39,3
"803","2018",17,"W",3.74,28.67,10.48,1.8,10.09,0
"804","2018",18,"W",4.01,28.53,11.24,0.54,10.74,0
"805","2018",19,"S",5.25,28.16,12.72,1.26,14.27,1
"806","2018",20,"S",3.7,27.83,14.76,0,15.46,2
"807","2018",21,"W",3.86,26.13,15.6,0,14.77,1
"808","2018",22,"W",6.07,24.31,15.92,0.09,13.83,2
"809","2018",23,"S",6.12,25.67,14.38,0.93,13.66,3
"810","2018",24,"W",4.9,25.09,14.56,1.09,13.39,2
"811","2018",25,"S",3.98,25.46,16.36,0.03,17.63,0
"812","2018",26,"S",4.21,25.56,16.2,1.89,15.16,2
"813","2018",27,"W",5.47,26.06,16.08,0.06,15.33,0
"814","2018",28,"W",5.31,26.71,17.08,0.66,16.34,0
"815","2018",29,"W",5.44,27.07,16.9,0.06,15.86,0
"816","2018",30,"W",4.14,27.21,17.24,0.27,19.56,0
"817","2018",31,"S",3.21,27.6,17.89,0.57,19.5,0
"818","2018",32,"W",3.74,27.54,19.63,0,20.19,0
"819","2018",33,"W",5.51,26.94,19.27,0,18.33,1
"820","2018",34,"W",4.4,26.89,16.78,0.09,15.83,0
"821","2018",35,"W",3.8,27.5,16.29,0.46,16.91,0
"822","2018",36,"W",5.05,27.79,17.01,1.29,16.4,0
"823","2018",37,"S",5.67,28.84,14.17,4.34,13.99,0
"824","2018",38,"W",4.8,28.67,13.17,9.03,11.27,0
"825","2018",39,"W",3.98,27.83,13.5,0.71,12.26,0
"826","2018",40,"W",5.06,28.27,12.71,4.76,8.56,0
"827","2018",41,"W",4.34,28.34,11.98,1.69,9.94,0
"828","2018",42,"W",2.2,28.3,11.94,0,7.41,0
"829","2018",43,"S",4.99,28.66,11.33,3.77,8.04,1
"830","2018",44,"E",6.69,29.41,10.4,8.34,8.77,0
"831","2018",45,"W",3.95,28.6,10.35,0.31,6.8,1
"832","2018",46,"S",4.68,28.8,9.89,3.86,6.46,0
"833","2018",47,"S",5.45,28.44,9.4,2.2,4.53,0
"834","2018",48,"S",7.11,28.39,9.58,13.69,8.03,0
"835","2018",49,"W",3.6,28.01,8.29,1.06,0.93,1
"836","2018",50,"S",10.62,29.23,8.68,11.59,5.13,2
"837","2018",51,"E",10.65,28.07,9.01,11.2,6.09,2
"838","2018",52,"S",8.06,28.63,8.33,4.74,5.09,3
"839","2019",1,"E",9.06,28.77,8.53,13.54,8.09,7
"840","2019",2,"S",6.71,28.56,7.85,6.33,4.63,6
"841","2019",3,"S",4.96,24.93,7.79,2.3,2.26,3
"842","2019",4,"S",5.19,27.54,7.93,3.11,4.43,6
"843","2019",5,"S",3.62,27.83,7.72,2.51,3.91,11
"844","2019",6,"W",7.42,28.24,7.11,0,-2.37,0
"845","2019",7,"W",5.03,27.9,6.84,0,-2.59,5
"846","2019",8,"W",6.31,27.97,6.54,0.74,1.03,3
"847","2019",9,"W",5.04,28.06,6.93,0,-0.26,9
"848","2019",10,"W",4.21,28.31,7.29,0,0.21,5
"849","2019",11,"S",6.61,28.4,7.92,2.4,3.6,6
"850","2019",12,"W",3.2,28.64,7.85,0.29,6,9
"851","2019",13,"W",3.52,28.37,8.1,0.57,7.21,13
"852","2019",14,"S",5.69,28.33,11.08,4.09,9.1,4
"853","2019",15,"S",6.34,28.4,9.28,2.83,8.09,1
"854","2019",16,"S",6.33,28.76,9.8,3.66,8.56,2
"855","2019",17,"W",7.23,27.66,10.63,0.51,8.39,3
"856","2019",18,"W",4.85,28.3,11.04,0,9.56,3
"857","2019",19,"W",6.58,28.36,14.11,0,14.34,5
"858","2019",20,"S",4.39,28.56,11.94,4.29,11.81,2
"859","2019",21,"W",6.93,28.33,14.42,0.91,12.99,0
"860","2019",22,"S",4.04,28.49,15.36,0,16.56,0
"861","2019",23,"W",5.57,27.81,14.23,0.77,12.3,1
"862","2019",24,"W",5.06,27.86,13.91,0,14.64,0
"863","2019",25,"W",6.23,27.53,14.78,3.61,13.07,0
"864","2019",26,"S",4.14,25.76,14.26,0.11,14.66,0
"865","2019",27,"S",4.74,27.89,14.51,1.57,13.63,0
"866","2019",28,"W",6.03,27.49,14.8,2.53,15.76,1
"867","2019",29,"S",5.96,26.5,13.27,3.24,12.64,0
"868","2019",30,"W",4.43,27.04,13.92,0.13,14.29,1
"869","2019",31,"S",4.75,26.94,15.46,4.69,14.99,0
"870","2019",32,"S",6.75,26.79,14.36,1.13,13.57,0
"871","2019",33,"W",4.95,26.73,14.69,0.43,15.46,1
"872","2019",34,"W",5.01,26.41,15.36,0.23,13.96,0
"873","2019",35,"W",5.37,26.8,17.15,0.49,16.94,0
"874","2019",36,"W",6.56,27.3,16.32,0.51,16.69,0
"875","2019",37,"W",5.59,26.91,15.05,4.09,15.23,0
"876","2019",38,"S",4.83,27.7,15.17,4.97,14.09,2
"877","2019",39,"W",8.5,26.91,13.72,3.43,12.29,0
"878","2019",40,"S",3.45,27.46,11.33,0.86,9.56,1
"879","2019",41,"W",5.41,27.63,10.42,1.77,7,0
"880","2019",42,"E",7.45,27.89,11.57,4.91,9.47,0
"881","2019",43,"S",6.88,27.93,11.14,3.86,8.44,0
"882","2019",44,"W",3.58,27.8,9.06,0,4.89,0
"883","2019",45,"S",2.61,27.64,11.3,0.63,8.26,1
"884","2019",46,"S",3.35,28,10.22,8.74,8.66,1
"885","2019",47,"S",5.77,28.11,10.32,2.61,8.73,0
"886","2019",48,"W",6.29,28.57,8.59,1,4,1
"887","2019",49,"W",4.36,27.96,9.96,3.66,5.56,1
"888","2019",50,"S",5.46,28.06,8.81,2.69,5.69,2
"889","2019",51,"E",9.97,28.79,10.39,9.23,7.43,0
"890","2019",52,"S",8.3,28.8,11.26,4.8,10.41,2
"891","2020",1,"S",11.2,28.95,7.92,13.4,5.1,5
"892","2020",2,"S",9.32,27.8,9.44,8.46,5.34,3
"893","2020",3,"W",9.98,28.29,8.23,6.06,2.16,0
"894","2020",4,"E",10.74,29.01,8.95,11.46,6.39,5
"895","2020",5,"S",7.22,28.64,9.2,6.86,7.07,0
"896","2020",6,"S",6.68,28.14,7.66,3.77,3.19,3
"897","2020",7,"S",4.87,28.06,7.77,0.51,4.81,2
"898","2020",8,"W",3.36,27.63,7.52,1.89,2.17,5
"899","2020",9,"E",8.48,27.87,8.73,2.23,5.44,1
"900","2020",10,"S",6.42,27.69,8.15,2.57,4.17,2
"901","2020",11,"W",7.69,27.49,8.16,0.63,3.09,1
"902","2020",12,"W",4.08,26.71,9.59,0,4.43,1
"903","2020",13,"S",7,27.57,9.09,3.63,5.1,1
"904","2020",14,"S",6.32,28.03,8.54,4.34,5.7,1
"905","2020",15,"W",5.99,27.97,10.23,0,7,0
"906","2020",16,"W",3.96,27.47,11.39,0.09,9.13,1
"907","2020",17,"S",4.99,27.77,12.69,3.46,11.59,0
"908","2020",18,"S",6.43,28.24,12.3,5.63,9.41,0
"909","2020",19,"S",4.98,27.54,12.03,0.66,8.46,0
"910","2020",20,"S",5.02,26.13,13.03,5.4,11.97,0
"911","2020",21,"W",5.92,27.74,14.71,0.94,12.59,0
"912","2020",22,"W",4.93,26.8,14.82,0.74,14.73,0
"913","2020",23,"W",5.25,27.74,15.01,2.89,13.14,0
"914","2020",24,"S",7.36,27.79,14.65,4.36,13.03,0
"915","2020",25,"S",5.3,27.84,13.92,1.89,12.84,0
"916","2020",26,"W",5.43,27.59,14.9,3.49,14.67,0
"917","2020",27,"W",7.09,27.64,14.53,2.37,13.07,0
"918","2020",28,"S",5.63,28.46,13.37,1.77,13.03,0
"919","2020",29,"W",5.25,27.4,15.97,0.03,14.99,0
"920","2020",30,"W",5.71,26.86,16.38,0.51,16.83,0
"921","2020",31,"W",4.48,26.99,15.25,1.23,16.17,0
"922","2020",32,"W",5.58,27.24,15.49,1.26,15.4,0
"923","2020",33,"W",5.03,27.43,15.62,1.04,15.09,0
"924","2020",34,"S",5.83,27.11,14.28,2.53,15.46,0
"925","2020",35,"W",5.91,27.6,14.46,1.07,13.3,0
"926","2020",36,"W",3.2,26.29,14.19,0,12.7,0
"927","2020",37,"W",4.33,27.39,15.09,0,15.16,0
"928","2020",38,"W",2.56,26.79,15.82,0.94,15.91,0
"929","2020",39,"S",6.24,27.44,14.78,6.54,14.39,0
"930","2020",40,"W",2.08,26.5,15.99,0.09,13.73,0
"931","2020",41,"S",4.83,26.94,14.19,3.26,13.37,1
"932","2020",42,"W",7.04,28.44,11.73,7.06,9.36,0
"933","2020",43,"W",6,27.93,10.81,2.97,6.74,0
"934","2020",44,"S",6.14,28.73,9.26,2,6.76,0
"935","2020",45,"S",7.74,28.56,9.91,6,7.5,0
"936","2020",46,"S",8.53,28.06,8.85,5.86,5.43,0
"937","2020",47,"S",7.42,28.29,9.69,10.83,8.23,0
"938","2020",48,"S",8.84,28.14,8.03,4.13,5.66,0
"939","2020",49,"S",5.31,27.86,10.15,2.51,6.67,0
"940","2020",50,"E",6.42,27.76,9.9,5.34,6.93,0
"941","2020",51,"S",8.83,28.1,8,6.79,4.74,0
"942","2020",52,"S",6.73,27.17,10.17,2.6,6.44,0
"943","2020",53,"S",7.19,26.4,12.29,4.84,9.3,0
"944","2021",1,"S",7.86,27.01,8.88,5.77,5.03,0
"945","2021",2,"S",7.94,26.89,10.52,6.6,8.49,0
"946","2021",3,"W",4.92,26.79,11.07,1.14,7.43,0
"947","2021",4,"S",7.38,27.01,10.44,2.94,5.91,0
"948","2021",5,"S",6.23,27.76,9.97,1.57,6.39,0
"949","2021",6,"W",7.15,27.59,7.84,0,-0.69,0
"950","2021",7,"S",6.03,27.54,8.29,0.74,2.03,1
"951","2021",8,"W",7.66,27.94,8.64,2,4.29,0
"952","2021",9,"S",9.62,28.11,8.38,4.69,5.63,0
"953","2021",10,"S",6.29,27.99,8.09,0.8,4.67,0
"954","2021",11,"S",7.57,28.1,8.37,3.53,5.37,0
"955","2021",12,"W",6.44,28.07,9.6,0.8,5.5,0
"956","2021",13,"S",7.15,27.5,8.68,1.26,5.84,1
"957","2021",14,"W",7.01,27.77,8.93,1.57,5.76,0
"958","2021",15,"W",4.22,28,11.33,0,8.49,0
"959","2021",16,"W",4.93,27.86,13.28,1.03,10.81,0
"960","2021",17,"S",4.78,27.99,11.44,1.74,10.79,1
"961","2021",18,"S",4.61,27.63,12.3,0.57,9.83,0
"962","2021",19,"W",4.91,27.16,14.26,1.11,12.36,0
"963","2021",20,"W",5.57,27.39,13.64,0.86,11.91,0
"964","2021",21,"W",5.75,27.27,13.91,2.63,12.61,0
"965","2021",22,"W",3.93,26.89,15.37,0.29,16.27,0
"966","2021",23,"S",5.92,27.3,13.22,1.8,12.33,0
"967","2021",24,"S",5.41,26.33,15.86,0.77,14.66,0
"968","2021",25,"W",5.37,24.81,17.26,0.49,17.74,0
"969","2021",26,"W",5.38,26.13,16.57,0,18.77,0
"970","2021",27,"W",5.28,26.34,15.68,0.07,15.31,0
"971","2021",28,"W",6.73,24.4,16.44,0,17.34,0
"972","2021",29,"W",4.38,25.56,16.04,0,15.19,0
"973","2021",30,"W",4.31,24.81,16.7,0.31,17.66,0
"974","2021",31,"W",4.6,25.1,17.52,0.46,17.4,0
"975","2021",32,"W",5.52,25.16,17.21,0.49,19.37,0
"976","2021",33,"W",6.3,25.41,15.89,0,16.49,0
"977","2021",34,"W",4.76,27.34,15.8,1.63,14.59,0
"978","2021",35,"W",4.93,27.16,14.25,1.2,11.34,0
"979","2021",36,"S",4.08,27.29,14.98,0.89,16.09,0
"980","2021",37,"W",7,27.74,13.44,11.77,12.91,0
"981","2021",38,"W",3.96,27.53,14.82,2.63,13.27,0
"982","2021",39,"S",8.72,27.77,13.34,7.37,11.77,0
"983","2021",40,"S",5.07,27.39,11.28,4.64,9.23,0
"984","2021",41,"E",8.84,27.43,10.4,9.46,7.9,0
"985","2021",42,"E",8.37,27.83,9.84,1.8,7.89,0
"986","2021",43,"S",8.89,27.09,11.9,5,9.37,0
"987","2021",44,"S",7.2,27.31,10.9,9.89,8.91,0
"988","2021",45,"S",8.58,27.96,11.34,6.17,9.16,0
"989","2021",46,"S",5.07,28.94,8.18,3.63,5.01,0
"990","2021",47,"S",9.68,28.59,9.52,6.54,8.01,0
"991","2021",48,"W",6.26,28.16,11.72,4.21,8.97,0
"992","2021",49,"S",6.68,28.67,8.48,7.41,4.61,1
"993","2021",50,"S",8.19,28.36,9.51,4.26,6.3,1
"994","2021",51,"W",6.83,26.81,12.35,2.84,8.2,0
"995","2021",52,"W",8.19,27.72,12.61,0.53,9.65,0
"996","2021",53,"E",14.09,27.7,9.64,7.1,5,NA
"997","2022",1,"S",9.68,27.86,7.95,3.64,3.86,1
"998","2022",2,"E",7.11,28.04,8.1,9.6,5.96,3
"999","2022",3,"S",3.78,28.16,12.85,1.96,11.17,1
"1000","2022",4,"W",2.89,27.93,9.29,0.14,3.7,0
"1001","2022",5,"S",7.09,28.16,9.18,2.6,4.23,1
"1002","2022",6,"S",3.92,27.31,12.12,0.66,9.24,1
"1003","2022",7,"W",4.23,28.44,9.61,0.43,6.61,0
"1004","2022",8,"W",6.73,28.91,7.56,3,0.47,2
"1005","2022",9,"S",8.35,27.8,8.56,4.57,6.69,1
"1006","2022",10,"W",6.56,28.59,8.69,1.97,4.43,2
"1007","2022",11,"E",9.14,28.07,7.9,2.51,6.5,8
"1008","2022",12,"S",6.75,28.96,8.47,4.14,6.46,3
"1009","2022",13,"S",5.19,27.21,9.83,2.2,7.56,2
"1010","2022",14,"S",7.89,28.09,9.08,7.51,7.07,2
"1011","2022",15,"W",6.23,28.31,9.18,3.06,4.37,1
"1012","2022",16,"S",5.81,28.71,7.88,5.06,5.93,4
"1013","2022",17,"S",5.08,28.21,8.93,2.06,7.67,3
"1014","2022",18,"W",5.9,28.41,10.91,2.74,8.33,1
"1015","2022",19,"S",5.79,28.14,9.91,2.83,7.44,0
"1016","2022",20,"S",7.16,28.44,11.33,2.23,10.8,1
"1017","2022",21,"S",5.96,27.44,13.4,0.91,12.11,0
"1018","2022",22,"W",4.43,28.21,15.16,2.49,13.2,1
"1019","2022",23,"S",6.96,28.26,13.51,2.66,13.71,0
"1020","2022",24,"W",5.92,26.9,15,2,14.94,0
"1021","2022",25,"W",6.81,27.44,14.7,3.64,12.04,0
"1022","2022",52,"S",10.61,28.5,7.98,38.5,7.8,NA
